,零件号,日期,仓库,需求数量
377,6RD959801E,2016-04-14,1000-1,1
378,6RD959801E,2016-04-15,1000-1,1
379,6RD959801E,2016-04-18,1000-1,1
380,6RD959801E,2016-04-21,1000-1,1
381,6RD959801E,2016-04-25,1000-1,1
382,6RD959801E,2016-04-27,1000-1,1
383,6RD959801E,2016-05-03,1000-1,3
384,6RD959801E,2016-05-08,1000-1,2
385,6RD959801E,2016-05-09,1000-1,1
386,6RD959801E,2016-05-10,1000-1,1
387,6RD959801E,2016-05-11,1000-1,1
388,6RD959801E,2016-05-12,1000-1,1
389,6RD959801E,2016-05-13,1000-1,6
390,6RD959801E,2016-05-14,1000-1,7
391,6RD959801E,2016-05-15,1000-1,1
392,6RD959801E,2016-05-16,1000-1,12
393,6RD959801E,2016-05-17,1000-1,2
394,6RD959801E,2016-05-18,1000-1,4
395,6RD959801E,2016-05-19,1000-1,5
396,6RD959801E,2016-05-20,1000-1,4
397,6RD959801E,2016-05-22,1000-1,3
398,6RD959801E,2016-05-23,1000-1,10
399,6RD959801E,2016-05-24,1000-1,7
400,6RD959801E,2016-05-25,1000-1,3
401,6RD959801E,2016-05-26,1000-1,5
402,6RD959801E,2016-05-27,1000-1,7
403,6RD959801E,2016-05-29,1000-1,2
404,6RD959801E,2016-05-30,1000-1,12
405,6RD959801E,2016-05-31,1000-1,1
406,6RD959801E,2016-06-01,1000-1,4
407,6RD959801E,2016-06-02,1000-1,8
408,6RD959801E,2016-06-03,1000-1,11
409,6RD959801E,2016-06-05,1000-1,3
410,6RD959801E,2016-06-06,1000-1,20
411,6RD959801E,2016-06-07,1000-1,7
412,6RD959801E,2016-06-08,1000-1,7
413,6RD959801E,2016-06-10,1000-1,1
414,6RD959801E,2016-06-11,1000-1,3
415,6RD959801E,2016-06-12,1000-1,15
416,6RD959801E,2016-06-13,1000-1,9
417,6RD959801E,2016-06-14,1000-1,5
418,6RD959801E,2016-06-15,1000-1,4
419,6RD959801E,2016-06-16,1000-1,6
420,6RD959801E,2016-06-17,1000-1,8
421,6RD959801E,2016-06-19,1000-1,2
422,6RD959801E,2016-06-20,1000-1,10
423,6RD959801E,2016-06-21,1000-1,7
424,6RD959801E,2016-06-22,1000-1,11
425,6RD959801E,2016-06-23,1000-1,10
426,6RD959801E,2016-06-24,1000-1,6
427,6RD959801E,2016-06-26,1000-1,3
428,6RD959801E,2016-06-27,1000-1,23
429,6RD959801E,2016-06-28,1000-1,5
430,6RD959801E,2016-06-29,1000-1,9
431,6RD959801E,2016-06-30,1000-1,5
432,6RD959801E,2016-07-01,1000-1,13
433,6RD959801E,2016-07-02,1000-1,1
434,6RD959801E,2016-07-03,1000-1,2
435,6RD959801E,2016-07-04,1000-1,24
436,6RD959801E,2016-07-05,1000-1,15
437,6RD959801E,2016-07-06,1000-1,15
438,6RD959801E,2016-07-07,1000-1,9
439,6RD959801E,2016-07-08,1000-1,10
440,6RD959801E,2016-07-10,1000-1,4
441,6RD959801E,2016-07-11,1000-1,17
442,6RD959801E,2016-07-12,1000-1,11
443,6RD959801E,2016-07-13,1000-1,10
444,6RD959801E,2016-07-14,1000-1,6
445,6RD959801E,2016-07-15,1000-1,11
446,6RD959801E,2016-07-17,1000-1,7
447,6RD959801E,2016-07-18,1000-1,19
448,6RD959801E,2016-07-19,1000-1,15
449,6RD959801E,2016-07-20,1000-1,6
450,6RD959801E,2016-07-21,1000-1,4
451,6RD959801E,2016-07-22,1000-1,8
452,6RD959801E,2016-07-24,1000-1,3
453,6RD959801E,2016-07-25,1000-1,22
454,6RD959801E,2016-07-26,1000-1,14
455,6RD959801E,2016-07-27,1000-1,8
456,6RD959801E,2016-07-28,1000-1,5
457,6RD959801E,2016-07-29,1000-1,4
458,6RD959801E,2016-07-30,1000-1,1
459,6RD959801E,2016-07-31,1000-1,1
460,6RD959801E,2016-08-01,1000-1,18
461,6RD959801E,2016-08-02,1000-1,5
462,6RD959801E,2016-08-03,1000-1,11
463,6RD959801E,2016-08-04,1000-1,10
464,6RD959801E,2016-08-05,1000-1,7
465,6RD959801E,2016-08-07,1000-1,5
466,6RD959801E,2016-08-08,1000-1,13
467,6RD959801E,2016-08-09,1000-1,11
468,6RD959801E,2016-08-10,1000-1,19
469,6RD959801E,2016-08-11,1000-1,16
470,6RD959801E,2016-08-12,1000-1,11
471,6RD959801E,2016-08-13,1000-1,1
472,6RD959801E,2016-08-14,1000-1,3
473,6RD959801E,2016-08-15,1000-1,15
474,6RD959801E,2016-08-16,1000-1,7
475,6RD959801E,2016-08-17,1000-1,3
476,6RD959801E,2016-08-18,1000-1,14
477,6RD959801E,2016-08-19,1000-1,10
478,6RD959801E,2016-08-20,1000-1,2
479,6RD959801E,2016-08-21,1000-1,5
480,6RD959801E,2016-08-22,1000-1,23
481,6RD959801E,2016-08-23,1000-1,11
482,6RD959801E,2016-08-24,1000-1,10
483,6RD959801E,2016-08-25,1000-1,7
484,6RD959801E,2016-08-26,1000-1,5
485,6RD959801E,2016-08-28,1000-1,6
486,6RD959801E,2016-08-29,1000-1,19
487,6RD959801E,2016-08-30,1000-1,11
488,6RD959801E,2016-08-31,1000-1,8
489,6RD959801E,2016-09-01,1000-1,13
490,6RD959801E,2016-09-02,1000-1,14
491,6RD959801E,2016-09-03,1000-1,1
492,6RD959801E,2016-09-04,1000-1,5
493,6RD959801E,2016-09-05,1000-1,16
494,6RD959801E,2016-09-06,1000-1,13
495,6RD959801E,2016-09-07,1000-1,19
496,6RD959801E,2016-09-08,1000-1,17
497,6RD959801E,2016-09-09,1000-1,5
498,6RD959801E,2016-09-11,1000-1,8
499,6RD959801E,2016-09-12,1000-1,20
500,6RD959801E,2016-09-13,1000-1,19
501,6RD959801E,2016-09-14,1000-1,3
502,6RD959801E,2016-09-16,1000-1,3
503,6RD959801E,2016-09-17,1000-1,5
504,6RD959801E,2016-09-18,1000-1,46
505,6RD959801E,2016-09-19,1000-1,36
506,6RD959801E,2016-09-20,1000-1,16
507,6RD959801E,2016-09-21,1000-1,13
508,6RD959801E,2016-09-22,1000-1,7
509,6RD959801E,2016-09-23,1000-1,18
510,6RD959801E,2016-09-24,1000-1,1
511,6RD959801E,2016-09-25,1000-1,3
512,6RD959801E,2016-09-26,1000-1,33
513,6RD959801E,2016-09-27,1000-1,63
514,6RD959801E,2016-09-28,1000-1,14
515,6RD959801E,2016-09-29,1000-1,12
516,6RD959801E,2016-09-30,1000-1,6
517,6RD959801E,2016-10-06,1000-1,2
518,6RD959801E,2016-10-07,1000-1,27
519,6RD959801E,2016-10-08,1000-1,49
520,6RD959801E,2016-10-09,1000-1,15
521,6RD959801E,2016-10-10,1000-1,15
522,6RD959801E,2016-10-11,1000-1,11
523,6RD959801E,2016-10-12,1000-1,11
524,6RD959801E,2016-10-13,1000-1,8
525,6RD959801E,2016-10-14,1000-1,29
526,6RD959801E,2016-10-15,1000-1,1
527,6RD959801E,2016-10-16,1000-1,13
528,6RD959801E,2016-10-17,1000-1,20
529,6RD959801E,2016-10-18,1000-1,11
530,6RD959801E,2016-10-19,1000-1,213
531,6RD959801E,2016-10-20,1000-1,9
532,6RD959801E,2016-10-21,1000-1,14
533,6RD959801E,2016-10-22,1000-1,2
534,6RD959801E,2016-10-23,1000-1,8
535,6RD959801E,2016-10-24,1000-1,18
536,6RD959801E,2016-10-25,1000-1,17
537,6RD959801E,2016-10-26,1000-1,13
538,6RD959801E,2016-10-27,1000-1,5
539,6RD959801E,2016-10-28,1000-1,8
540,6RD959801E,2016-10-29,1000-1,1
541,6RD959801E,2016-10-30,1000-1,4
542,6RD959801E,2016-10-31,1000-1,13
543,6RD959801E,2016-11-01,1000-1,213
544,6RD959801E,2016-11-02,1000-1,10
545,6RD959801E,2016-11-03,1000-1,17
546,6RD959801E,2016-11-04,1000-1,25
547,6RD959801E,2016-11-06,1000-1,2
548,6RD959801E,2016-11-07,1000-1,64
549,6RD959801E,2016-11-08,1000-1,11
550,6RD959801E,2016-11-09,1000-1,15
551,6RD959801E,2016-11-10,1000-1,14
552,6RD959801E,2016-11-11,1000-1,4
553,6RD959801E,2016-11-14,1000-1,26
554,6RD959801E,2016-11-15,1000-1,23
555,6RD959801E,2016-11-16,1000-1,13
556,6RD959801E,2016-11-17,1000-1,25
557,6RD959801E,2016-11-18,1000-1,8
558,6RD959801E,2016-11-19,1000-1,1
559,6RD959801E,2016-11-20,1000-1,9
560,6RD959801E,2016-11-21,1000-1,14
561,6RD959801E,2016-11-22,1000-1,13
562,6RD959801E,2016-11-23,1000-1,23
563,6RD959801E,2016-11-24,1000-1,15
564,6RD959801E,2016-11-25,1000-1,10
565,6RD959801E,2016-11-26,1000-1,2
566,6RD959801E,2016-11-27,1000-1,8
567,6RD959801E,2016-11-28,1000-1,36
568,6RD959801E,2016-11-29,1000-1,23
569,6RD959801E,2016-11-30,1000-1,18
570,6RD959801E,2016-12-01,1000-1,14
571,6RD959801E,2016-12-02,1000-1,33
572,6RD959801E,2016-12-04,1000-1,3
573,6RD959801E,2016-12-05,1000-1,26
574,6RD959801E,2016-12-06,1000-1,51
575,6RD959801E,2016-12-07,1000-1,15
576,6RD959801E,2016-12-08,1000-1,14
577,6RD959801E,2016-12-09,1000-1,9
578,6RD959801E,2016-12-11,1000-1,5
579,6RD959801E,2016-12-12,1000-1,29
580,6RD959801E,2016-12-13,1000-1,14
581,6RD959801E,2016-12-14,1000-1,20
582,6RD959801E,2016-12-15,1000-1,13
583,6RD959801E,2016-12-16,1000-1,36
584,6RD959801E,2016-12-18,1000-1,14
585,6RD959801E,2016-12-19,1000-1,55
586,6RD959801E,2016-12-20,1000-1,15
587,6RD959801E,2016-12-21,1000-1,109
588,6RD959801E,2016-12-22,1000-1,11
589,6RD959801E,2016-12-23,1000-1,10
590,6RD959801E,2016-12-25,1000-1,6
591,6RD959801E,2016-12-26,1000-1,34
592,6RD959801E,2016-12-27,1000-1,56
593,6RD959801E,2016-12-28,1000-1,17
594,6RD959801E,2016-12-29,1000-1,215
595,6RD959801E,2016-12-30,1000-1,13
596,6RD959801E,2017-01-01,1000-1,1
597,6RD959801E,2017-01-02,1000-1,15
598,6RD959801E,2017-01-03,1000-1,42
599,6RD959801E,2017-01-04,1000-1,28
600,6RD959801E,2017-01-05,1000-1,17
601,6RD959801E,2017-01-06,1000-1,35
602,6RD959801E,2017-01-08,1000-1,11
603,6RD959801E,2017-01-09,1000-1,43
604,6RD959801E,2017-01-10,1000-1,27
605,6RD959801E,2017-01-11,1000-1,17
606,6RD959801E,2017-01-12,1000-1,18
607,6RD959801E,2017-01-13,1000-1,15
608,6RD959801E,2017-01-14,1000-1,3
609,6RD959801E,2017-01-15,1000-1,15
610,6RD959801E,2017-01-16,1000-1,47
611,6RD959801E,2017-01-17,1000-1,26
612,6RD959801E,2017-01-18,1000-1,23
613,6RD959801E,2017-01-19,1000-1,19
614,6RD959801E,2017-01-20,1000-1,13
615,6RD959801E,2017-01-21,1000-1,13
616,6RD959801E,2017-01-22,1000-1,21
617,6RD959801E,2017-01-23,1000-1,22
618,6RD959801E,2017-01-24,1000-1,17
619,6RD959801E,2017-01-25,1000-1,5
620,6RD959801E,2017-01-26,1000-1,1
621,6RD959801E,2017-02-01,1000-1,1
622,6RD959801E,2017-02-03,1000-1,30
623,6RD959801E,2017-02-04,1000-1,29
624,6RD959801E,2017-02-05,1000-1,23
625,6RD959801E,2017-02-06,1000-1,52
626,6RD959801E,2017-02-07,1000-1,36
627,6RD959801E,2017-02-08,1000-1,14
628,6RD959801E,2017-02-09,1000-1,19
629,6RD959801E,2017-02-10,1000-1,20
630,6RD959801E,2017-02-11,1000-1,4
631,6RD959801E,2017-02-12,1000-1,18
632,6RD959801E,2017-02-13,1000-1,60
633,6RD959801E,2017-02-14,1000-1,25
634,6RD959801E,2017-02-15,1000-1,18
635,6RD959801E,2017-02-16,1000-1,29
636,6RD959801E,2017-02-17,1000-1,16
637,6RD959801E,2017-02-19,1000-1,11
638,6RD959801E,2017-02-20,1000-1,39
639,6RD959801E,2017-02-21,1000-1,19
640,6RD959801E,2017-02-22,1000-1,13
641,6RD959801E,2017-02-23,1000-1,17
642,6RD959801E,2017-02-24,1000-1,16
643,6RD959801E,2017-02-26,1000-1,12
644,6RD959801E,2017-02-27,1000-1,34
645,6RD959801E,2017-02-28,1000-1,9
646,6RD959801E,2017-03-01,1000-1,15
647,6RD959801E,2017-03-02,1000-1,22
648,6RD959801E,2017-03-03,1000-1,11
649,6RD959801E,2017-03-05,1000-1,11
650,6RD959801E,2017-03-06,1000-1,28
651,6RD959801E,2017-03-07,1000-1,17
652,6RD959801E,2017-03-08,1000-1,14
653,6RD959801E,2017-03-09,1000-1,10
654,6RD959801E,2017-03-10,1000-1,11
655,6RD959801E,2017-03-12,1000-1,11
656,6RD959801E,2017-03-13,1000-1,21
657,6RD959801E,2017-03-14,1000-1,12
658,6RD959801E,2017-03-15,1000-1,6
659,6RD959801E,2017-03-16,1000-1,6
660,6RD959801E,2017-03-17,1000-1,8
661,6RD959801E,2017-03-18,1000-1,2
662,6RD959801E,2017-03-19,1000-1,9
663,6RD959801E,2017-03-20,1000-1,12
664,6RD959801E,2017-03-21,1000-1,29
665,6RD959801E,2017-03-22,1000-1,30
666,6RD959801E,2017-03-23,1000-1,25
667,6RD959801E,2017-03-24,1000-1,4
668,6RD959801E,2017-03-26,1000-1,4
669,6RD959801E,2017-03-27,1000-1,21
670,6RD959801E,2017-03-28,1000-1,10
671,6RD959801E,2017-03-29,1000-1,17
672,6RD959801E,2017-03-30,1000-1,16
673,6RD959801E,2017-03-31,1000-1,27
674,6RD959801E,2017-04-01,1000-1,4
675,6RD959801E,2017-04-04,1000-1,3
676,6RD959801E,2017-04-05,1000-1,34
677,6RD959801E,2017-04-06,1000-1,13
678,6RD959801E,2017-04-07,1000-1,10
679,6RD959801E,2017-04-08,1000-1,1
680,6RD959801E,2017-04-09,1000-1,11
681,6RD959801E,2017-04-10,1000-1,18
682,6RD959801E,2017-04-11,1000-1,17
683,6RD959801E,2017-04-12,1000-1,27
684,6RD959801E,2017-04-13,1000-1,16
685,6RD959801E,2017-04-14,1000-1,9
686,6RD959801E,2017-04-16,1000-1,4
687,6RD959801E,2017-04-17,1000-1,19
688,6RD959801E,2017-04-18,1000-1,8
689,6RD959801E,2017-04-19,1000-1,4
690,6RD959801E,2017-04-20,1000-1,6
691,6RD959801E,2017-04-21,1000-1,9
692,6RD959801E,2017-04-22,1000-1,7
693,6RD959801E,2017-04-23,1000-1,5
694,6RD959801E,2017-04-24,1000-1,17
695,6RD959801E,2017-04-25,1000-1,10
696,6RD959801E,2017-04-26,1000-1,10
697,6RD959801E,2017-04-27,1000-1,9
698,6RD959801E,2017-04-28,1000-1,3
699,6RD959801E,2017-05-01,1000-1,6
700,6RD959801E,2017-05-02,1000-1,62
701,6RD959801E,2017-05-03,1000-1,14
702,6RD959801E,2017-05-04,1000-1,24
703,6RD959801E,2017-05-05,1000-1,4
704,6RD959801E,2017-05-07,1000-1,6
705,6RD959801E,2017-05-08,1000-1,15
706,6RD959801E,2017-05-09,1000-1,8
707,6RD959801E,2017-05-10,1000-1,8
708,6RD959801E,2017-05-11,1000-1,7
709,6RD959801E,2017-05-12,1000-1,2
710,6RD959801E,2017-05-14,1000-1,4
711,6RD959801E,2017-05-15,1000-1,18
712,6RD959801E,2017-05-16,1000-1,19
713,6RD959801E,2017-05-17,1000-1,6
714,6RD959801E,2017-05-18,1000-1,9
715,6RD959801E,2017-05-19,1000-1,4
716,6RD959801E,2017-05-21,1000-1,5
717,6RD959801E,2017-05-22,1000-1,11
718,6RD959801E,2017-05-23,1000-1,25
719,6RD959801E,2017-05-24,1000-1,11
720,6RD959801E,2017-05-25,1000-1,3
721,6RD959801E,2017-05-26,1000-1,6
722,6RD959801E,2017-05-27,1000-1,1
723,6RD959801E,2017-05-29,1000-1,1
724,6RD959801E,2017-05-30,1000-1,1
725,6RD959801E,2017-05-31,1000-1,6
726,6RD959801E,2017-06-01,1000-1,9
727,6RD959801E,2017-06-02,1000-1,1
728,6RD959801E,2017-06-04,1000-1,2
729,6RD959801E,2017-06-05,1000-1,24
730,6RD959801E,2017-06-06,1000-1,12
731,6RD959801E,2017-06-07,1000-1,25
732,6RD959801E,2017-06-08,1000-1,3
733,6RD959801E,2017-06-09,1000-1,7
734,6RD959801E,2017-06-11,1000-1,10
735,6RD959801E,2017-06-12,1000-1,17
736,6RD959801E,2017-06-13,1000-1,24
737,6RD959801E,2017-06-14,1000-1,22
738,6RD959801E,2017-06-15,1000-1,5
739,6RD959801E,2017-06-16,1000-1,9
740,6RD959801E,2017-06-17,1000-1,1
741,6RD959801E,2017-06-18,1000-1,6
742,6RD959801E,2017-06-19,1000-1,11
743,6RD959801E,2017-06-20,1000-1,14
744,6RD959801E,2017-06-21,1000-1,46
745,6RD959801E,2017-06-22,1000-1,59
746,6RD959801E,2017-06-23,1000-1,67
747,6RD959801E,2017-06-25,1000-1,2
748,6RD959801E,2017-06-26,1000-1,11
749,6RD959801E,2017-06-27,1000-1,38
750,6RD959801E,2017-06-28,1000-1,1
751,6RD959801E,2017-06-29,1000-1,7
752,6RD959801E,2017-06-30,1000-1,7
753,6RD959801E,2017-07-02,1000-1,3
754,6RD959801E,2017-07-03,1000-1,10
755,6RD959801E,2017-07-04,1000-1,7
756,6RD959801E,2017-07-05,1000-1,17
757,6RD959801E,2017-07-06,1000-1,4
758,6RD959801E,2017-07-07,1000-1,5
759,6RD959801E,2017-07-10,1000-1,18
760,6RD959801E,2017-07-11,1000-1,15
761,6RD959801E,2017-07-12,1000-1,7
762,6RD959801E,2017-07-13,1000-1,27
763,6RD959801E,2017-07-14,1000-1,13
764,6RD959801E,2017-07-16,1000-1,1
765,6RD959801E,2017-07-17,1000-1,7
766,6RD959801E,2017-07-18,1000-1,9
767,6RD959801E,2017-07-19,1000-1,3
768,6RD959801E,2017-07-20,1000-1,3
769,6RD959801E,2017-07-21,1000-1,4
770,6RD959801E,2017-07-22,1000-1,1
771,6RD959801E,2017-07-23,1000-1,4
772,6RD959801E,2017-07-24,1000-1,15
773,6RD959801E,2017-07-25,1000-1,7
774,6RD959801E,2017-07-26,1000-1,16
775,6RD959801E,2017-07-27,1000-1,3
776,6RD959801E,2017-07-28,1000-1,4
777,6RD959801E,2017-07-29,1000-1,2
778,6RD959801E,2017-07-30,1000-1,6
779,6RD959801E,2017-07-31,1000-1,11
780,6RD959801E,2017-08-01,1000-1,2
781,6RD959801E,2017-08-02,1000-1,7
782,6RD959801E,2017-08-03,1000-1,18
783,6RD959801E,2017-08-04,1000-1,3
784,6RD959801E,2017-08-05,1000-1,1
785,6RD959801E,2017-08-06,1000-1,6
786,6RD959801E,2017-08-07,1000-1,62
787,6RD959801E,2017-08-08,1000-1,1
788,6RD959801E,2017-08-09,1000-1,4
789,6RD959801E,2017-08-10,1000-1,25
790,6RD959801E,2017-08-11,1000-1,3
791,6RD959801E,2017-08-12,1000-1,3
792,6RD959801E,2017-08-13,1000-1,4
793,6RD959801E,2017-08-14,1000-1,6
794,6RD959801E,2017-08-15,1000-1,4
795,6RD959801E,2017-08-16,1000-1,6
796,6RD959801E,2017-08-17,1000-1,3
797,6RD959801E,2017-08-18,1000-1,11
798,6RD959801E,2017-08-20,1000-1,4
799,6RD959801E,2017-08-21,1000-1,18
800,6RD959801E,2017-08-22,1000-1,9
801,6RD959801E,2017-08-23,1000-1,6
802,6RD959801E,2017-08-24,1000-1,57
803,6RD959801E,2017-08-27,1000-1,5
804,6RD959801E,2017-08-28,1000-1,18
805,6RD959801E,2017-08-29,1000-1,14
806,6RD959801E,2017-08-30,1000-1,4
807,6RD959801E,2017-08-31,1000-1,2
808,6RD959801E,2017-09-01,1000-1,41
809,6RD959801E,2017-09-02,1000-1,1
810,6RD959801E,2017-09-03,1000-1,2
811,6RD959801E,2017-09-04,1000-1,9
812,6RD959801E,2017-09-05,1000-1,4
813,6RD959801E,2017-09-06,1000-1,10
814,6RD959801E,2017-09-07,1000-1,43
815,6RD959801E,2017-09-08,1000-1,40
816,6RD959801E,2017-09-10,1000-1,1
817,6RD959801E,2017-09-11,1000-1,13
818,6RD959801E,2017-09-12,1000-1,5
819,6RD959801E,2017-09-13,1000-1,10
820,6RD959801E,2017-09-14,1000-1,2
821,6RD959801E,2017-09-15,1000-1,29
822,6RD959801E,2017-09-17,1000-1,2
823,6RD959801E,2017-09-18,1000-1,11
824,6RD959801E,2017-09-19,1000-1,4
825,6RD959801E,2017-09-20,1000-1,10
826,6RD959801E,2017-09-21,1000-1,2
827,6RD959801E,2017-09-22,1000-1,2
828,6RD959801E,2017-09-24,1000-1,6
829,6RD959801E,2017-09-25,1000-1,13
830,6RD959801E,2017-09-26,1000-1,9
831,6RD959801E,2017-09-27,1000-1,2
832,6RD959801E,2017-09-28,1000-1,5
833,6RD959801E,2017-09-29,1000-1,2
834,6RD959801E,2017-09-30,1000-1,1
835,6RD959801E,2017-10-06,1000-1,2
836,6RD959801E,2017-10-07,1000-1,1
837,6RD959801E,2017-10-08,1000-1,9
838,6RD959801E,2017-10-09,1000-1,126
839,6RD959801E,2017-10-10,1000-1,6
840,6RD959801E,2017-10-11,1000-1,7
841,6RD959801E,2017-10-12,1000-1,73
842,6RD959801E,2017-10-13,1000-1,4
843,6RD959801E,2017-10-14,1000-1,1
844,6RD959801E,2017-10-15,1000-1,5
845,6RD959801E,2017-10-16,1000-1,8
846,6RD959801E,2017-10-17,1000-1,13
847,6RD959801E,2017-10-18,1000-1,9
848,6RD959801E,2017-10-19,1000-1,5
849,6RD959801E,2017-10-20,1000-1,15
850,6RD959801E,2017-10-22,1000-1,3
851,6RD959801E,2017-10-23,1000-1,8
852,6RD959801E,2017-10-24,1000-1,19
853,6RD959801E,2017-10-25,1000-1,2
854,6RD959801E,2017-10-26,1000-1,1
855,6RD959801E,2017-10-27,1000-1,4
856,6RD959801E,2017-10-29,1000-1,1
857,6RD959801E,2017-10-30,1000-1,10
858,6RD959801E,2017-10-31,1000-1,16
859,6RD959801E,2017-11-01,1000-1,6
860,6RD959801E,2017-11-02,1000-1,4
861,6RD959801E,2017-11-03,1000-1,24
862,6RD959801E,2017-11-05,1000-1,2
863,6RD959801E,2017-11-06,1000-1,17
864,6RD959801E,2017-11-07,1000-1,8
865,6RD959801E,2017-11-08,1000-1,15
866,6RD959801E,2017-11-09,1000-1,14
867,6RD959801E,2017-11-10,1000-1,20
868,6RD959801E,2017-11-11,1000-1,1
869,6RD959801E,2017-11-12,1000-1,2
870,6RD959801E,2017-11-13,1000-1,10
871,6RD959801E,2017-11-14,1000-1,4
872,6RD959801E,2017-11-15,1000-1,6
873,6RD959801E,2017-11-16,1000-1,4
874,6RD959801E,2017-11-17,1000-1,4
875,6RD959801E,2017-11-19,1000-1,3
876,6RD959801E,2017-11-20,1000-1,10
877,6RD959801E,2017-11-21,1000-1,4
878,6RD959801E,2017-11-22,1000-1,7
879,6RD959801E,2017-11-23,1000-1,41
880,6RD959801E,2017-11-24,1000-1,2
881,6RD959801E,2017-11-26,1000-1,7
882,6RD959801E,2017-11-27,1000-1,48
883,6RD959801E,2017-11-28,1000-1,12
884,6RD959801E,2017-11-29,1000-1,11
885,6RD959801E,2017-11-30,1000-1,5
886,6RD959801E,2017-12-01,1000-1,8
887,6RD959801E,2017-12-03,1000-1,9
888,6RD959801E,2017-12-04,1000-1,20
889,6RD959801E,2017-12-05,1000-1,14
890,6RD959801E,2017-12-06,1000-1,9
891,6RD959801E,2017-12-07,1000-1,34
892,6RD959801E,2017-12-08,1000-1,10
893,6RD959801E,2017-12-09,1000-1,1
894,6RD959801E,2017-12-10,1000-1,9
895,6RD959801E,2017-12-11,1000-1,26
896,6RD959801E,2017-12-12,1000-1,15
897,6RD959801E,2017-12-13,1000-1,7
898,6RD959801E,2017-12-14,1000-1,37
899,6RD959801E,2017-12-15,1000-1,9
900,6RD959801E,2017-12-16,1000-1,4
901,6RD959801E,2017-12-17,1000-1,13
902,6RD959801E,2017-12-18,1000-1,26
903,6RD959801E,2017-12-19,1000-1,13
904,6RD959801E,2017-12-20,1000-1,12
905,6RD959801E,2017-12-21,1000-1,23
906,6RD959801E,2017-12-22,1000-1,4
907,6RD959801E,2017-12-24,1000-1,6
908,6RD959801E,2017-12-25,1000-1,81
909,6RD959801E,2017-12-26,1000-1,17
910,6RD959801E,2017-12-27,1000-1,9
911,6RD959801E,2017-12-28,1000-1,14
912,6RD959801E,2017-12-29,1000-1,12
913,6RD959801E,2018-01-01,1000-1,8
914,6RD959801E,2018-01-02,1000-1,34
915,6RD959801E,2018-01-03,1000-1,16
916,6RD959801E,2018-01-04,1000-1,15
917,6RD959801E,2018-01-05,1000-1,11
918,6RD959801E,2018-01-06,1000-1,1
919,6RD959801E,2018-01-07,1000-1,10
920,6RD959801E,2018-01-08,1000-1,20
921,6RD959801E,2018-01-09,1000-1,20
922,6RD959801E,2018-01-10,1000-1,10
923,6RD959801E,2018-01-11,1000-1,15
924,6RD959801E,2018-01-12,1000-1,8
925,6RD959801E,2018-01-13,1000-1,3
926,6RD959801E,2018-01-14,1000-1,13
927,6RD959801E,2018-01-15,1000-1,72
928,6RD959801E,2018-01-16,1000-1,39
929,6RD959801E,2018-01-17,1000-1,21
930,6RD959801E,2018-01-18,1000-1,22
931,6RD959801E,2018-01-19,1000-1,22
932,6RD959801E,2018-01-21,1000-1,10
933,6RD959801E,2018-01-22,1000-1,41
934,6RD959801E,2018-01-23,1000-1,31
935,6RD959801E,2018-01-24,1000-1,23
936,6RD959801E,2018-01-25,1000-1,32
937,6RD959801E,2018-01-26,1000-1,17
938,6RD959801E,2018-01-29,1000-1,54
939,6RD959801E,2018-01-30,1000-1,42
940,6RD959801E,2018-01-31,1000-1,20
941,6RD959801E,2018-02-01,1000-1,20
942,6RD959801E,2018-02-02,1000-1,15
943,6RD959801E,2018-02-04,1000-1,12
944,6RD959801E,2018-02-05,1000-1,40
945,6RD959801E,2018-02-06,1000-1,25
946,6RD959801E,2018-02-07,1000-1,14
947,6RD959801E,2018-02-08,1000-1,20
948,6RD959801E,2018-02-09,1000-1,17
949,6RD959801E,2018-02-10,1000-1,5
950,6RD959801E,2018-02-11,1000-1,12
951,6RD959801E,2018-02-12,1000-1,14
952,6RD959801E,2018-02-13,1000-1,3
953,6RD959801E,2018-02-14,1000-1,5
954,6RD959801E,2018-02-21,1000-1,2
955,6RD959801E,2018-02-22,1000-1,32
956,6RD959801E,2018-02-23,1000-1,29
957,6RD959801E,2018-02-24,1000-1,16
958,6RD959801E,2018-02-25,1000-1,8
959,6RD959801E,2018-02-26,1000-1,45
960,6RD959801E,2018-02-27,1000-1,61
961,6RD959801E,2018-02-28,1000-1,54
962,6RD959801E,2018-03-01,1000-1,26
963,6RD959801E,2018-03-02,1000-1,23
964,6RD959801E,2018-03-03,1000-1,1
965,6RD959801E,2018-03-04,1000-1,11
966,6RD959801E,2018-03-05,1000-1,37
967,6RD959801E,2018-03-06,1000-1,28
968,6RD959801E,2018-03-07,1000-1,21
969,6RD959801E,2018-03-08,1000-1,20
970,6RD959801E,2018-03-09,1000-1,15
971,6RD959801E,2018-03-10,1000-1,1
972,6RD959801E,2018-03-11,1000-1,5
973,6RD959801E,2018-03-12,1000-1,34
974,6RD959801E,2018-03-13,1000-1,16
975,6RD959801E,2018-03-14,1000-1,55
976,6RD959801E,2018-03-15,1000-1,11
977,6RD959801E,2018-03-16,1000-1,29
978,6RD959801E,2018-03-19,1000-1,34
979,6RD959801E,2018-03-20,1000-1,76
980,6RD959801E,2018-03-21,1000-1,6
981,6RD959801E,2018-03-22,1000-1,9
982,6RD959801E,2018-03-23,1000-1,38
983,6RD959801E,2018-03-24,1000-1,1
984,6RD959801E,2018-03-25,1000-1,3
985,6RD959801E,2018-03-26,1000-1,28
986,6RD959801E,2018-03-27,1000-1,38
987,6RD959801E,2018-03-28,1000-1,17
988,6RD959801E,2018-03-29,1000-1,48
989,6RD959801E,2018-03-30,1000-1,7
990,6RD959801E,2018-03-31,1000-1,1
991,6RD959801E,2018-04-01,1000-1,3
992,6RD959801E,2018-04-02,1000-1,15
993,6RD959801E,2018-04-03,1000-1,43
994,6RD959801E,2018-04-04,1000-1,11
995,6RD959801E,2018-04-07,1000-1,6
996,6RD959801E,2018-04-08,1000-1,40
997,6RD959801E,2018-04-09,1000-1,46
998,6RD959801E,2018-04-10,1000-1,4
999,6RD959801E,2018-04-11,1000-1,12
1000,6RD959801E,2018-04-12,1000-1,28
1001,6RD959801E,2018-04-13,1000-1,84
1002,6RD959801E,2018-04-15,1000-1,2
1003,6RD959801E,2018-04-16,1000-1,39
1004,6RD959801E,2018-04-17,1000-1,19
1005,6RD959801E,2018-04-18,1000-1,56
1006,6RD959801E,2018-04-19,1000-1,63
1007,6RD959801E,2018-04-20,1000-1,3
1008,6RD959801E,2018-04-22,1000-1,2
1009,6RD959801E,2018-04-23,1000-1,13
1010,6RD959801E,2018-04-24,1000-1,41
1011,6RD959801E,2018-04-25,1000-1,3
1012,6RD959801E,2018-04-26,1000-1,11
1013,6RD959801E,2018-04-27,1000-1,4
1014,6RD959801E,2018-04-28,1000-1,54
1015,6RD959801E,2018-05-02,1000-1,16
1016,6RD959801E,2018-05-03,1000-1,18
1017,6RD959801E,2018-05-04,1000-1,4
1018,6RD959801E,2018-05-06,1000-1,1
1019,6RD959801E,2018-05-07,1000-1,17
1020,6RD959801E,2018-05-08,1000-1,14
1021,6RD959801E,2018-05-09,1000-1,19
1022,6RD959801E,2018-05-10,1000-1,6
1023,6RD959801E,2018-05-11,1000-1,5
1024,6RD959801E,2018-05-12,1000-1,1
1025,6RD959801E,2018-05-13,1000-1,3
1026,6RD959801E,2018-05-14,1000-1,14
1027,6RD959801E,2018-05-15,1000-1,3
1028,6RD959801E,2018-05-16,1000-1,26
1029,6RD959801E,2018-05-17,1000-1,5
1030,6RD959801E,2018-05-18,1000-1,26
1031,6RD959801E,2018-05-21,1000-1,3
1032,6RD959801E,2018-05-22,1000-1,5
1033,6RD959801E,2018-05-23,1000-1,3
1034,6RD959801E,2018-05-24,1000-1,5
1035,6RD959801E,2018-05-25,1000-1,16
1036,6RD959801E,2018-05-27,1000-1,1
1037,6RD959801E,2018-05-28,1000-1,17
1038,6RD959801E,2018-05-29,1000-1,8
1039,6RD959801E,2018-05-30,1000-1,18
1040,6RD959801E,2018-05-31,1000-1,1
1041,6RD959801E,2018-06-01,1000-1,3
1042,6RD959801E,2018-06-03,1000-1,3
1043,6RD959801E,2018-06-04,1000-1,51
1044,6RD959801E,2018-06-05,1000-1,23
1045,6RD959801E,2018-06-06,1000-1,39
1046,6RD959801E,2018-06-07,1000-1,10
1047,6RD959801E,2018-06-08,1000-1,12
1048,6RD959801E,2018-06-10,1000-1,1
1049,6RD959801E,2018-06-11,1000-1,6
1050,6RD959801E,2018-06-12,1000-1,23
1051,6RD959801E,2018-06-13,1000-1,2
1052,6RD959801E,2018-06-14,1000-1,3
1053,6RD959801E,2018-06-15,1000-1,2
1054,6RD959801E,2018-06-18,1000-1,1
1055,6RD959801E,2018-06-19,1000-1,16
1056,6RD959801E,2018-06-20,1000-1,9
1057,6RD959801E,2018-06-22,1000-1,13
1058,6RD959801E,2018-06-24,1000-1,4
1059,6RD959801E,2018-06-25,1000-1,7
1060,6RD959801E,2018-06-26,1000-1,32
1061,6RD959801E,2018-06-27,1000-1,4
1062,6RD959801E,2018-06-28,1000-1,33
1063,6RD959801E,2018-06-29,1000-1,4
1064,6RD959801E,2018-07-02,1000-1,8
1065,6RD959801E,2018-07-03,1000-1,15
1066,6RD959801E,2018-07-04,1000-1,8
1067,6RD959801E,2018-07-05,1000-1,9
1068,6RD959801E,2018-07-06,1000-1,1
1069,6RD959801E,2018-07-09,1000-1,8
1070,6RD959801E,2018-07-10,1000-1,18
1071,6RD959801E,2018-07-11,1000-1,18
1072,6RD959801E,2018-07-12,1000-1,6
1073,6RD959801E,2018-07-13,1000-1,2
1074,6RD959801E,2018-07-15,1000-1,1
1075,6RD959801E,2018-07-16,1000-1,3
1076,6RD959801E,2018-07-17,1000-1,14
1077,6RD959801E,2018-07-18,1000-1,11
1078,6RD959801E,2018-07-19,1000-1,3
1079,6RD959801E,2018-07-20,1000-1,2
1080,6RD959801E,2018-07-23,1000-1,5
1081,6RD959801E,2018-07-24,1000-1,17
1082,6RD959801E,2018-07-26,1000-1,2
1083,6RD959801E,2018-07-27,1000-1,39
1084,6RD959801E,2018-07-30,1000-1,6
1085,6RD959801E,2018-07-31,1000-1,1
1086,6RD959801E,2018-08-01,1000-1,6
1087,6RD959801E,2018-08-02,1000-1,1
1088,6RD959801E,2018-08-03,1000-1,6
1089,6RD959801E,2018-08-05,1000-1,2
1090,6RD959801E,2018-08-06,1000-1,13
1091,6RD959801E,2018-08-07,1000-1,17
1092,6RD959801E,2018-08-08,1000-1,17
1093,6RD959801E,2018-08-09,1000-1,20
1094,6RD959801E,2018-08-10,1000-1,5
1095,6RD959801E,2018-08-12,1000-1,3
1096,6RD959801E,2018-08-13,1000-1,17
1097,6RD959801E,2018-08-14,1000-1,8
1098,6RD959801E,2018-08-15,1000-1,5
1099,6RD959801E,2018-08-16,1000-1,5
1100,6RD959801E,2018-08-17,1000-1,4
1101,6RD959801E,2018-08-19,1000-1,2
1102,6RD959801E,2018-08-20,1000-1,12
1103,6RD959801E,2018-08-21,1000-1,7
1104,6RD959801E,2018-08-22,1000-1,25
1105,6RD959801E,2018-08-23,1000-1,3
1106,6RD959801E,2018-08-24,1000-1,2
1107,6RD959801E,2018-08-26,1000-1,4
1108,6RD959801E,2018-08-27,1000-1,11
1109,6RD959801E,2018-08-28,1000-1,17
1110,6RD959801E,2018-08-29,1000-1,31
1111,6RD959801E,2018-08-30,1000-1,5
1112,6RD959801E,2018-09-02,1000-1,6
1113,6RD959801E,2018-09-03,1000-1,6
1114,6RD959801E,2018-09-04,1000-1,21
1115,6RD959801E,2018-09-05,1000-1,3
1116,6RD959801E,2018-09-06,1000-1,61
1117,6RD959801E,2018-09-07,1000-1,16
1118,6RD959801E,2018-09-08,1000-1,1
1119,6RD959801E,2018-09-09,1000-1,3
1120,6RD959801E,2018-09-10,1000-1,6
1121,6RD959801E,2018-09-11,1000-1,4
1122,6RD959801E,2018-09-12,1000-1,2
1123,6RD959801E,2018-09-13,1000-1,35
1124,6RD959801E,2018-09-17,1000-1,4
1125,6RD959801E,2018-09-19,1000-1,21
1126,6RD959801E,2018-09-21,1000-1,10
1127,6RD959801E,2018-09-25,1000-1,22
1128,6RD959801E,2018-09-26,1000-1,37
1129,6RD959801E,2018-09-27,1000-1,5
1130,6RD959801E,2018-10-07,1000-1,3
1131,6RD959801E,2018-10-08,1000-1,28
1132,6RD959801E,2018-10-09,1000-1,9
1133,6RD959801E,2018-10-10,1000-1,7
1134,6RD959801E,2018-10-11,1000-1,9
1135,6RD959801E,2018-10-12,1000-1,2
1136,6RD959801E,2018-10-15,1000-1,4
1137,6RD959801E,2018-10-16,1000-1,13
1138,6RD959801E,2018-10-17,1000-1,7
1139,6RD959801E,2018-10-18,1000-1,18
1140,6RD959801E,2018-10-19,1000-1,6
1141,6RD959801E,2018-10-21,1000-1,1
1142,6RD959801E,2018-10-22,1000-1,4
1143,6RD959801E,2018-10-23,1000-1,2
1144,6RD959801E,2018-10-24,1000-1,40
1145,6RD959801E,2018-10-25,1000-1,8
1146,6RD959801E,2018-10-26,1000-1,50
1147,6RD959801E,2018-10-28,1000-1,1
1148,6RD959801E,2018-10-29,1000-1,6
1149,6RD959801E,2018-10-30,1000-1,18
1150,6RD959801E,2018-10-31,1000-1,5
1151,6RD959801E,2018-11-01,1000-1,3
1152,6RD959801E,2018-11-02,1000-1,1
1153,6RD959801E,2018-11-04,1000-1,2
1154,6RD959801E,2018-11-05,1000-1,1
1155,6RD959801E,2018-11-06,1000-1,13
1156,6RD959801E,2018-11-07,1000-1,4
1157,6RD959801E,2018-11-08,1000-1,22
1158,6RD959801E,2018-11-09,1000-1,4
1159,6RD959801E,2018-11-11,1000-1,1
1160,6RD959801E,2018-11-12,1000-1,2
1161,6RD959801E,2018-11-13,1000-1,15
1162,6RD959801E,2018-11-14,1000-1,4
1163,6RD959801E,2018-11-15,1000-1,3
1164,6RD959801E,2018-11-16,1000-1,10
1165,6RD959801E,2018-11-19,1000-1,45
1166,6RD959801E,2018-11-20,1000-1,5
1167,6RD959801E,2018-11-21,1000-1,4
1168,6RD959801E,2018-11-22,1000-1,4
1169,6RD959801E,2018-11-23,1000-1,3
1170,6RD959801E,2018-11-25,1000-1,1
1171,6RD959801E,2018-11-26,1000-1,42
1172,6RD959801E,2018-11-27,1000-1,7
1173,6RD959801E,2018-11-28,1000-1,54
1174,6RD959801E,2018-11-29,1000-1,8
1175,6RD959801E,2018-11-30,1000-1,2
1176,6RD959801E,2018-12-03,1000-1,6
1177,6RD959801E,2018-12-04,1000-1,2
1178,6RD959801E,2018-12-05,1000-1,2
1179,6RD959801E,2018-12-06,1000-1,5
1180,6RD959801E,2018-12-07,1000-1,5
1181,6RD959801E,2018-12-09,1000-1,4
1182,6RD959801E,2018-12-10,1000-1,10
1183,6RD959801E,2018-12-11,1000-1,11
1184,6RD959801E,2018-12-12,1000-1,11
1185,6RD959801E,2018-12-13,1000-1,9
1186,6RD959801E,2018-12-14,1000-1,29
1187,6RD959801E,2018-12-16,1000-1,3
1188,6RD959801E,2018-12-17,1000-1,23
1189,6RD959801E,2018-12-18,1000-1,4
1190,6RD959801E,2018-12-19,1000-1,6
1191,6RD959801E,2018-12-20,1000-1,58
1192,6RD959801E,2018-12-21,1000-1,7
1193,6RD959801E,2018-12-22,1000-1,1
1194,6RD959801E,2018-12-23,1000-1,1
1195,6RD959801E,2018-12-24,1000-1,8
1196,6RD959801E,2018-12-25,1000-1,21
1197,6RD959801E,2018-12-26,1000-1,7
1198,6RD959801E,2018-12-27,1000-1,8
1199,6RD959801E,2018-12-28,1000-1,13
1200,6RD959801E,2018-12-29,1000-1,8
1201,6RD959801E,2018-12-30,1000-1,1
1202,6RD959801E,2019-01-01,1000-1,4
1203,6RD959801E,2019-01-02,1000-1,22
1204,6RD959801E,2019-01-03,1000-1,18
1205,6RD959801E,2019-01-04,1000-1,4
1206,6RD959801E,2019-01-06,1000-1,4
1207,6RD959801E,2019-01-07,1000-1,19
1208,6RD959801E,2019-01-08,1000-1,22
1209,6RD959801E,2019-01-09,1000-1,18
1210,6RD959801E,2019-01-10,1000-1,22
1211,6RD959801E,2019-01-11,1000-1,21
1212,6RD959801E,2019-01-13,1000-1,2
1213,6RD959801E,2019-01-14,1000-1,22
1214,6RD959801E,2019-01-15,1000-1,11
1215,6RD959801E,2019-01-16,1000-1,10
1216,6RD959801E,2019-01-17,1000-1,15
1217,6RD959801E,2019-01-18,1000-1,16
1218,6RD959801E,2019-01-20,1000-1,4
1219,6RD959801E,2019-01-21,1000-1,17
1220,6RD959801E,2019-01-22,1000-1,18
1221,6RD959801E,2019-01-23,1000-1,6
1222,6RD959801E,2019-01-24,1000-1,8
1223,6RD959801E,2019-01-25,1000-1,7
1224,6RD959801E,2019-01-27,1000-1,2
1225,6RD959801E,2019-01-28,1000-1,18
1226,6RD959801E,2019-01-29,1000-1,6
1227,6RD959801E,2019-01-30,1000-1,3
1228,6RD959801E,2019-01-31,1000-1,2
1229,6RD959801E,2019-02-01,1000-1,2
1230,6RD959801E,2019-02-02,1000-1,1
1231,6RD959801E,2019-02-10,1000-1,1
1232,6RD959801E,2019-02-11,1000-1,17
1233,6RD959801E,2019-02-12,1000-1,8
1234,6RD959801E,2019-02-13,1000-1,11
1235,6RD959801E,2019-02-14,1000-1,28
1236,6RD959801E,2019-02-15,1000-1,9
1237,6RD959801E,2019-02-16,1000-1,1
1238,6RD959801E,2019-02-17,1000-1,3
1239,6RD959801E,2019-02-18,1000-1,12
1240,6RD959801E,2019-02-19,1000-1,39
1241,6RD959801E,2019-02-20,1000-1,7
1242,6RD959801E,2019-02-21,1000-1,11
1243,6RD959801E,2019-02-22,1000-1,18
1244,6RD959801E,2019-02-23,1000-1,1
1245,6RD959801E,2019-02-24,1000-1,6
1246,6RD959801E,2019-02-25,1000-1,38
1247,6RD959801E,2019-02-26,1000-1,46
1248,6RD959801E,2019-02-27,1000-1,5
1249,6RD959801E,2019-02-28,1000-1,37
1250,6RD959801E,2019-03-01,1000-1,12
1251,6RD959801E,2019-03-02,1000-1,2
1252,6RD959801E,2019-03-03,1000-1,3
1253,6RD959801E,2019-03-04,1000-1,24
1254,6RD959801E,2019-03-05,1000-1,22
1255,6RD959801E,2019-03-06,1000-1,26
1256,6RD959801E,2019-03-07,1000-1,48
1257,6RD959801E,2019-03-08,1000-1,45
1258,6RD959801E,2019-03-10,1000-1,3
1259,6RD959801E,2019-03-11,1000-1,83
1260,6RD959801E,2019-03-12,1000-1,17
1261,6RD959801E,2019-03-13,1000-1,7
1262,6RD959801E,2019-03-14,1000-1,44
1263,6RD959801E,2019-03-15,1000-1,2
1264,6RD959801E,2019-03-17,1000-1,2
1265,6RD959801E,2019-03-18,1000-1,38
1266,6RD959801E,2019-03-19,1000-1,3
1267,6RD959801E,2019-03-20,1000-1,15
1268,6RD959801E,2019-03-21,1000-1,28
1269,6RD959801E,2019-03-22,1000-1,8
1270,6RD959801E,2019-03-24,1000-1,3
1271,6RD959801E,2019-03-25,1000-1,24
1272,6RD959801E,2019-03-26,1000-1,10
1273,6RD959801E,2019-03-27,1000-1,86
1274,6RD959801E,2019-03-28,1000-1,12
1275,6RD959801E,2019-03-29,1000-1,5
1276,6RD959801E,2019-04-01,1000-1,6
1277,6RD959801E,2019-04-02,1000-1,3
1278,6RD959801E,2019-04-03,1000-1,5
1279,6RD959801E,2019-04-04,1000-1,2
1280,6RD959801E,2019-04-07,1000-1,1
1281,6RD959801E,2019-04-08,1000-1,11
1282,6RD959801E,2019-04-09,1000-1,16
1283,6RD959801E,2019-04-10,1000-1,42
1284,6RD959801E,2019-04-11,1000-1,17
1285,6RD959801E,2019-04-12,1000-1,1
1286,6RD959801E,2019-04-14,1000-1,2
1287,6RD959801E,2019-04-15,1000-1,7
1288,6RD959801E,2019-04-16,1000-1,4
1289,6RD959801E,2019-04-17,1000-1,54
1290,6RD959801E,2019-04-18,1000-1,13
1291,6RD959801E,2019-04-19,1000-1,6
1292,6RD959801E,2019-04-20,1000-1,1
1293,6RD959801E,2019-04-21,1000-1,1
1294,6RD959801E,2019-04-22,1000-1,67
1295,6RD959801E,2019-04-23,1000-1,17
1296,6RD959801E,2019-04-24,1000-1,12
1297,6RD959801E,2019-04-25,1000-1,2
1298,6RD959801E,2019-04-26,1000-1,4
1299,6RD959801E,2019-04-27,1000-1,1
1300,6RD959801E,2019-04-28,1000-1,2
1301,6RD959801E,2019-04-29,1000-1,3
1302,6RD959801E,2019-05-04,1000-1,3
1303,6RD959801E,2019-05-05,1000-1,17
1304,6RD959801E,2019-05-06,1000-1,2
1305,6RD959801E,2019-05-07,1000-1,3
1306,6RD959801E,2019-05-08,1000-1,3
1307,6RD959801E,2019-05-09,1000-1,2
1308,6RD959801E,2019-05-10,1000-1,3
1309,6RD959801E,2019-05-12,1000-1,1
1310,6RD959801E,2019-05-13,1000-1,8
1311,6RD959801E,2019-05-14,1000-1,2
1312,6RD959801E,2019-05-15,1000-1,9
1313,6RD959801E,2019-05-16,1000-1,5
1314,6RD959801E,2019-05-17,1000-1,12
1315,6RD959801E,2019-05-20,1000-1,36
1316,6RD959801E,2019-05-21,1000-1,8
1317,6RD959801E,2019-05-22,1000-1,2
1318,6RD959801E,2019-05-24,1000-1,3
1319,6RD959801E,2019-05-26,1000-1,1
1320,6RD959801E,2019-05-27,1000-1,4
1321,6RD959801E,2019-05-28,1000-1,1
1322,6RD959801E,2019-05-29,1000-1,26
1323,6RD959801E,2019-05-30,1000-1,1
1324,6RD959801E,2019-05-31,1000-1,1
1325,6RD959801E,2019-06-02,1000-1,1
1326,6RD959801E,2019-06-03,1000-1,25
1327,6RD959801E,2019-06-04,1000-1,1
1328,6RD959801E,2019-06-05,1000-1,1
1329,6RD959801E,2019-06-06,1000-1,4
1330,6RD959801E,2019-06-09,1000-1,3
1331,6RD959801E,2019-06-10,1000-1,40
1332,6RD959801E,2019-06-11,1000-1,42
1333,6RD959801E,2019-06-12,1000-1,5
1334,6RD959801E,2019-06-13,1000-1,6
1335,6RD959801E,2019-06-14,1000-1,40
1336,6RD959801E,2019-06-16,1000-1,3
1337,6RD959801E,2019-06-17,1000-1,23
1338,6RD959801E,2019-06-18,1000-1,3
1339,6RD959801E,2019-06-19,1000-1,9
1340,6RD959801E,2019-06-20,1000-1,3
1341,6RD959801E,2019-06-21,1000-1,1
1342,6RD959801E,2019-06-23,1000-1,2
1343,6RD959801E,2019-06-24,1000-1,16
1344,6RD959801E,2019-06-25,1000-1,3
1345,6RD959801E,2019-06-26,1000-1,7
1346,6RD959801E,2019-06-27,1000-1,5
1347,6RD959801E,2019-06-28,1000-1,3
1348,6RD959801E,2019-06-30,1000-1,3
1349,6RD959801E,2019-07-01,1000-1,3
1350,6RD959801E,2019-07-02,1000-1,5
1351,6RD959801E,2019-07-04,1000-1,12
1352,6RD959801E,2019-07-05,1000-1,1
1353,6RD959801E,2019-07-08,1000-1,3
1354,6RD959801E,2019-07-09,1000-1,54
1355,6RD959801E,2019-07-10,1000-1,4
1356,6RD959801E,2019-07-11,1000-1,14
1357,6RD959801E,2019-07-12,1000-1,3
1358,6RD959801E,2019-07-14,1000-1,2
1359,6RD959801E,2019-07-15,1000-1,2
1360,6RD959801E,2019-07-16,1000-1,7
1361,6RD959801E,2019-07-17,1000-1,22
1362,6RD959801E,2019-07-18,1000-1,1
1363,6RD959801E,2019-07-19,1000-1,12
1364,6RD959801E,2019-07-21,1000-1,3
1365,6RD959801E,2019-07-22,1000-1,12
1366,6RD959801E,2019-07-23,1000-1,4
1367,6RD959801E,2019-07-24,1000-1,10
1368,6RD959801E,2019-07-26,1000-1,21
1369,6RD959801E,2019-07-29,1000-1,7
1370,6RD959801E,2019-08-01,1000-1,1
1371,6RD959801E,2019-08-02,1000-1,3
1372,6RD959801E,2019-08-05,1000-1,2
1373,6RD959801E,2019-08-06,1000-1,8
1374,6RD959801E,2019-08-07,1000-1,12
1375,6RD959801E,2019-08-08,1000-1,3
1376,6RD959801E,2019-08-09,1000-1,11
1377,6RD959801E,2019-08-11,1000-1,2
1378,6RD959801E,2019-08-12,1000-1,6
1379,6RD959801E,2019-08-13,1000-1,5
1380,6RD959801E,2019-08-14,1000-1,2
1381,6RD959801E,2019-08-15,1000-1,4
1382,6RD959801E,2019-08-16,1000-1,8
1383,6RD959801E,2019-08-18,1000-1,1
1384,6RD959801E,2019-08-19,1000-1,33
1385,6RD959801E,2019-08-20,1000-1,10
1386,6RD959801E,2019-08-21,1000-1,1
1387,6RD959801E,2019-08-22,1000-1,4
1388,6RD959801E,2019-08-23,1000-1,4
1389,6RD959801E,2019-08-25,1000-1,2
1390,6RD959801E,2019-08-26,1000-1,1
1391,6RD959801E,2019-08-27,1000-1,32
1392,6RD959801E,2019-08-28,1000-1,4
1393,6RD959801E,2019-08-29,1000-1,4
1394,6RD959801E,2019-08-30,1000-1,1
1395,6RD959801E,2019-08-31,1000-1,1
1396,6RD959801E,2019-09-02,1000-1,32
1397,6RD959801E,2019-09-03,1000-1,3
1398,6RD959801E,2019-09-05,1000-1,1
1399,6RD959801E,2019-09-06,1000-1,11
1400,6RD959801E,2019-09-08,1000-1,2
1401,6RD959801E,2019-09-09,1000-1,46
1402,6RD959801E,2019-09-10,1000-1,51
1403,6RD959801E,2019-09-11,1000-1,14
1404,6RD959801E,2019-09-14,1000-1,1
1405,6RD959801E,2019-09-15,1000-1,2
1406,6RD959801E,2019-09-16,1000-1,8
1407,6RD959801E,2019-09-17,1000-1,32
1408,6RD959801E,2019-09-18,1000-1,6
1409,6RD959801E,2019-09-19,1000-1,3
1410,6RD959801E,2019-09-21,1000-1,3
1411,6RD959801E,2019-09-22,1000-1,2
1412,6RD959801E,2019-09-23,1000-1,4
1413,6RD959801E,2019-09-24,1000-1,2
1414,6RD959801E,2019-09-26,1000-1,2
1415,6RD959801E,2019-09-27,1000-1,1
1416,6RD959801E,2019-09-30,1000-1,2
1417,6RD959801E,2019-10-08,1000-1,1
1418,6RD959801E,2019-10-09,1000-1,6
1419,6RD959801E,2019-10-10,1000-1,2
1420,6RD959801E,2019-10-11,1000-1,13
1421,6RD959801E,2019-10-14,1000-1,1
1422,6RD959801E,2019-10-15,1000-1,1
1423,6RD959801E,2019-10-16,1000-1,3
1424,6RD959801E,2019-10-17,1000-1,15
1425,6RD959801E,2019-10-20,1000-1,4
1426,6RD959801E,2019-10-21,1000-1,1
1427,6RD959801E,2019-10-22,1000-1,2
1428,6RD959801E,2019-10-24,1000-1,5
1429,6RD959801E,2019-10-25,1000-1,12
1430,6RD959801E,2019-10-28,1000-1,1
1431,6RD959801E,2019-10-29,1000-1,2
1432,6RD959801E,2019-10-30,1000-1,32
1433,6RD959801E,2019-10-31,1000-1,10
1434,6RD959801E,2019-11-04,1000-1,6
1435,6RD959801E,2019-11-05,1000-1,13
1436,6RD959801E,2019-11-06,1000-1,1
1437,6RD959801E,2019-11-11,1000-1,3
1438,6RD959801E,2019-11-12,1000-1,5
1439,6RD959801E,2019-11-13,1000-1,8
1440,6RD959801E,2019-11-14,1000-1,7
1441,6RD959801E,2019-11-15,1000-1,16
1442,6RD959801E,2019-11-19,1000-1,6
1443,6RD959801E,2019-11-21,1000-1,5
1444,6RD959801E,2019-11-25,1000-1,1
1445,6RD959801E,2019-11-26,1000-1,1
1446,6RD959801E,2019-11-28,1000-1,24
1447,6RD959801E,2019-11-29,1000-1,6
1448,6RD959801E,2019-11-30,1000-1,1
1449,6RD959801E,2019-12-02,1000-1,1
1450,6RD959801E,2019-12-03,1000-1,4
1451,6RD959801E,2019-12-04,1000-1,1
1452,6RD959801E,2019-12-05,1000-1,6
1453,6RD959801E,2019-12-06,1000-1,25
1454,6RD959801E,2019-12-09,1000-1,9
1455,6RD959801E,2019-12-10,1000-1,1
1456,6RD959801E,2019-12-12,1000-1,6
1457,6RD959801E,2019-12-15,1000-1,1
1458,6RD959801E,2019-12-16,1000-1,4
1459,6RD959801E,2019-12-17,1000-1,5
1460,6RD959801E,2019-12-18,1000-1,12
1461,6RD959801E,2019-12-19,1000-1,1
1462,6RD959801E,2019-12-20,1000-1,1
1463,6RD959801E,2019-12-22,1000-1,2
1464,6RD959801E,2019-12-23,1000-1,24
1465,6RD959801E,2019-12-24,1000-1,8
1466,6RD959801E,2019-12-25,1000-1,1
1467,6RD959801E,2019-12-26,1000-1,26
1468,6RD959801E,2019-12-28,1000-1,2
1469,6RD959801E,2019-12-29,1000-1,1
1470,6RD959801E,2019-12-30,1000-1,7
1471,6RD959801E,2020-01-01,1000-1,2
1472,6RD959801E,2020-01-02,1000-1,5
1473,6RD959801E,2020-01-03,1000-1,2
1474,6RD959801E,2020-01-05,1000-1,1
1475,6RD959801E,2020-01-06,1000-1,14
1476,6RD959801E,2020-01-07,1000-1,8
1477,6RD959801E,2020-01-08,1000-1,3
1478,6RD959801E,2020-01-09,1000-1,25
1479,6RD959801E,2020-01-10,1000-1,1
1480,6RD959801E,2020-01-12,1000-1,2
1481,6RD959801E,2020-01-13,1000-1,12
1482,6RD959801E,2020-01-14,1000-1,4
1483,6RD959801E,2020-01-15,1000-1,4
1484,6RD959801E,2020-01-16,1000-1,1
1485,6RD959801E,2020-01-19,1000-1,1
1486,6RD959801E,2020-02-24,1000-1,3
1487,6RD959801E,2020-02-25,1000-1,2
1488,6RD959801E,2020-02-26,1000-1,2
1489,6RD959801E,2020-03-01,1000-1,1
1490,6RD959801E,2020-03-02,1000-1,2
1491,6RD959801E,2020-03-04,1000-1,4
1492,6RD959801E,2020-03-05,1000-1,1
1493,6RD959801E,2020-03-06,1000-1,1
1494,6RD959801E,2020-03-09,1000-1,9
1495,6RD959801E,2020-03-10,1000-1,33
1496,6RD959801E,2020-03-11,1000-1,2
1497,6RD959801E,2020-03-12,1000-1,26
1498,6RD959801E,2020-03-13,1000-1,26
1499,6RD959801E,2020-03-16,1000-1,8
1500,6RD959801E,2020-03-17,1000-1,31
1501,6RD959801E,2020-03-18,1000-1,5
1502,6RD959801E,2020-03-19,1000-1,29
1503,6RD959801E,2020-03-20,1000-1,12
1504,6RD959801E,2020-03-23,1000-1,7
1505,6RD959801E,2020-03-24,1000-1,4
1506,6RD959801E,2020-03-25,1000-1,6
1507,6RD959801E,2020-03-26,1000-1,1
1508,6RD959801E,2020-03-29,1000-1,1
1509,6RD959801E,2020-03-30,1000-1,3
1510,6RD959801E,2020-03-31,1000-1,12
1511,6RD959801E,2020-04-01,1000-1,5
1512,6RD959801E,2020-04-02,1000-1,3
1513,6RD959801E,2020-04-03,1000-1,2
1514,6RD959801E,2020-04-06,1000-1,2
1515,6RD959801E,2020-04-07,1000-1,45
1516,6RD959801E,2020-04-08,1000-1,7
1517,6RD959801E,2020-04-10,1000-1,2
1518,6RD959801E,2020-04-13,1000-1,5
1519,6RD959801E,2020-04-14,1000-1,34
1520,6RD959801E,2020-04-15,1000-1,42
1521,6RD959801E,2020-04-16,1000-1,7
1522,6RD959801E,2020-04-19,1000-1,3
1523,6RD959801E,2020-04-20,1000-1,13
1524,6RD959801E,2020-04-21,1000-1,5
1525,6RD959801E,2020-04-22,1000-1,1
1526,6RD959801E,2020-04-23,1000-1,43
1527,6RD959801E,2020-04-24,1000-1,2
1528,6RD959801E,2020-04-26,1000-1,1
1529,6RD959801E,2020-04-28,1000-1,15
1530,6RD959801E,2020-04-29,1000-1,1
1531,6RD959801E,2020-04-30,1000-1,2
1532,6RD959801E,2020-05-06,1000-1,8
1533,6RD959801E,2020-05-07,1000-1,4
1534,6RD959801E,2020-05-08,1000-1,8
1535,6RD959801E,2020-05-09,1000-1,40
1536,6RD959801E,2020-05-10,1000-1,1
1537,6RD959801E,2020-05-11,1000-1,3
1538,6RD959801E,2020-05-12,1000-1,6
1539,6RD959801E,2020-05-13,1000-1,14
1540,6RD959801E,2020-05-14,1000-1,32
1541,6RD959801E,2020-05-18,1000-1,4
1542,6RD959801E,2020-05-19,1000-1,5
1543,6RD959801E,2020-05-20,1000-1,36
1544,6RD959801E,2020-05-22,1000-1,3
1545,6RD959801E,2020-05-25,1000-1,1
1546,6RD959801E,2020-05-26,1000-1,55
1547,6RD959801E,2020-05-28,1000-1,54
1548,6RD959801E,2020-05-29,1000-1,16
1549,6RD959801E,2020-06-01,1000-1,22
1550,6RD959801E,2020-06-02,1000-1,2
1551,6RD959801E,2020-06-03,1000-1,9
1552,6RD959801E,2020-06-04,1000-1,1
1553,6RD959801E,2020-06-05,1000-1,40
1554,6RD959801E,2020-06-07,1000-1,1
1555,6RD959801E,2020-06-08,1000-1,3
1556,6RD959801E,2020-06-09,1000-1,14
1557,6RD959801E,2020-06-10,1000-1,3
1558,6RD959801E,2020-06-11,1000-1,1
1559,6RD959801E,2020-06-14,1000-1,5
1560,6RD959801E,2020-06-15,1000-1,9
1561,6RD959801E,2020-06-16,1000-1,7
1562,6RD959801E,2020-06-17,1000-1,1
1563,6RD959801E,2020-06-19,1000-1,3
1564,6RD959801E,2020-06-22,1000-1,46
1565,6RD959801E,2020-06-23,1000-1,4
1566,6RD959801E,2020-06-24,1000-1,5
1567,6RD959801E,2020-06-25,1000-1,5
1568,6RD959801E,2020-06-27,1000-1,2
1569,6RD959801E,2020-06-28,1000-1,2
1570,6RD959801E,2020-06-29,1000-1,10
1571,6RD959801E,2020-07-01,1000-1,20
1572,6RD959801E,2020-07-02,1000-1,24
1573,6RD959801E,2020-07-03,1000-1,1
1574,6RD959801E,2020-07-06,1000-1,5
1575,6RD959801E,2020-07-08,1000-1,1
1576,6RD959801E,2020-07-09,1000-1,1
1577,6RD959801E,2020-07-10,1000-1,2
1578,6RD959801E,2020-07-12,1000-1,1
1579,6RD959801E,2020-07-13,1000-1,7
1580,6RD959801E,2020-07-14,1000-1,10
1581,6RD959801E,2020-07-15,1000-1,1
1582,6RD959801E,2020-07-16,1000-1,3
1583,6RD959801E,2020-07-17,1000-1,6
1584,6RD959801E,2020-07-20,1000-1,3
1585,6RD959801E,2020-07-21,1000-1,11
1586,6RD959801E,2020-07-22,1000-1,1
1587,6RD959801E,2020-07-24,1000-1,12
1588,6RD959801E,2020-07-27,1000-1,25
1589,6RD959801E,2020-07-29,1000-1,1
1590,6RD959801E,2020-07-30,1000-1,2
1591,6RD959801E,2020-07-31,1000-1,22
1592,6RD959801E,2020-08-02,1000-1,2
1593,6RD959801E,2020-08-03,1000-1,2
1594,6RD959801E,2020-08-04,1000-1,18
1595,6RD959801E,2020-08-05,1000-1,12
1596,6RD959801E,2020-08-06,1000-1,29
1597,6RD959801E,2020-08-07,1000-1,32
1598,6RD959801E,2020-08-09,1000-1,1
1599,6RD959801E,2020-08-10,1000-1,22
1600,6RD959801E,2020-08-11,1000-1,21
1601,6RD959801E,2020-08-12,1000-1,3
1602,6RD959801E,2020-08-13,1000-1,11
1603,6RD959801E,2020-08-14,1000-1,1
1604,6RD959801E,2020-08-17,1000-1,10
1605,6RD959801E,2020-08-18,1000-1,2
1606,6RD959801E,2020-08-19,1000-1,11
1607,6RD959801E,2020-08-20,1000-1,2
1608,6RD959801E,2020-08-21,1000-1,1
1609,6RD959801E,2020-08-24,1000-1,5
1610,6RD959801E,2020-08-26,1000-1,23
1611,6RD959801E,2020-08-27,1000-1,31
1612,6RD959801E,2020-08-31,1000-1,4
1613,6RD959801E,2020-09-01,1000-1,2
1614,6RD959801E,2020-09-02,1000-1,1
1615,6RD959801E,2020-09-03,1000-1,23
1616,6RD959801E,2020-09-06,1000-1,3
1617,6RD959801E,2020-09-07,1000-1,3
1618,6RD959801E,2020-09-08,1000-1,7
1619,6RD959801E,2020-09-10,1000-1,1
1620,6RD959801E,2020-09-13,1000-1,1
1621,6RD959801E,2020-09-14,1000-1,1
1622,6RD959801E,2020-09-15,1000-1,22
1623,6RD959801E,2020-09-16,1000-1,3
1624,6RD959801E,2020-09-17,1000-1,20
1625,6RD959801E,2020-09-18,1000-1,3
1626,6RD959801E,2020-09-20,1000-1,1
1627,6RD959801E,2020-09-21,1000-1,2
1628,6RD959801E,2020-09-22,1000-1,6
1629,6RD959801E,2020-09-23,1000-1,3
1630,6RD959801E,2020-09-24,1000-1,21
1631,6RD959801E,2020-09-25,1000-1,9
1632,6RD959801E,2020-09-26,1000-1,1
1633,6RD959801E,2020-09-28,1000-1,17
1634,6RD959801E,2020-09-29,1000-1,30
1635,6RD959801E,2020-10-08,1000-1,4
1636,6RD959801E,2020-10-09,1000-1,3
1637,6RD959801E,2020-10-10,1000-1,2
1638,6RD959801E,2020-10-12,1000-1,3
1639,6RD959801E,2020-10-13,1000-1,1
1640,6RD959801E,2020-10-14,1000-1,41
1641,6RD959801E,2020-10-15,1000-1,1
1642,6RD959801E,2020-10-16,1000-1,22
1643,6RD959801E,2020-10-18,1000-1,1
1644,6RD959801E,2020-10-19,1000-1,2
1645,6RD959801E,2020-10-20,1000-1,3
1646,6RD959801E,2020-10-22,1000-1,7
1647,6RD959801E,2020-10-23,1000-1,3
1648,6RD959801E,2020-10-26,1000-1,11
1649,6RD959801E,2020-10-27,1000-1,2
1650,6RD959801E,2020-10-28,1000-1,21
1651,6RD959801E,2020-10-29,1000-1,20
1652,6RD959801E,2020-11-02,1000-1,15
1653,6RD959801E,2020-11-03,1000-1,11
1654,6RD959801E,2020-11-04,1000-1,31
1655,6RD959801E,2020-11-05,1000-1,15
1656,6RD959801E,2020-11-06,1000-1,33
1657,6RD959801E,2020-11-11,1000-1,1
1658,6RD959801E,2020-11-12,1000-1,14
1659,6RD959801E,2020-11-16,1000-1,1
1660,6RD959801E,2020-11-17,1000-1,1
1661,6RD959801E,2020-11-18,1000-1,10
1662,6RD959801E,2020-11-19,1000-1,2
1663,6RD959801E,2020-11-20,1000-1,17
1664,6RD959801E,2020-11-23,1000-1,1
1665,6RD959801E,2020-11-24,1000-1,3
1666,6RD959801E,2020-11-25,1000-1,12
1667,6RD959801E,2020-11-26,1000-1,10
1668,6RD959801E,2020-11-27,1000-1,1
1669,6RD959801E,2020-11-30,1000-1,4
1670,6RD959801E,2020-12-01,1000-1,1
1671,6RD959801E,2020-12-04,1000-1,1
1672,6RD959801E,2020-12-08,1000-1,2
1673,6RD959801E,2020-12-10,1000-1,1
1674,6RD959801E,2020-12-11,1000-1,31
1675,6RD959801E,2020-12-13,1000-1,1
1676,6RD959801E,2020-12-14,1000-1,2
1677,6RD959801E,2020-12-15,1000-1,2
1678,6RD959801E,2020-12-17,1000-1,2
1679,6RD959801E,2020-12-18,1000-1,2
1680,6RD959801E,2020-12-19,1000-1,3
1681,6RD959801E,2020-12-21,1000-1,32
1682,6RD959801E,2020-12-22,1000-1,4
1683,6RD959801E,2020-12-23,1000-1,1
1684,6RD959801E,2020-12-25,1000-1,1
1685,6RD959801E,2020-12-28,1000-1,11
1686,6RD959801E,2020-12-29,1000-1,2
1687,6RD959801E,2020-12-31,1000-1,20
1688,6RD959801E,2021-01-05,1000-1,1
1689,6RD959801E,2021-01-06,1000-1,1
1690,6RD959801E,2021-01-07,1000-1,2
1691,6RD959801E,2021-01-08,1000-1,13
1692,6RD959801E,2021-01-12,1000-1,3
1693,6RD959801E,2021-01-13,1000-1,1
1694,6RD959801E,2021-01-14,1000-1,2
1695,6RD959801E,2021-01-15,1000-1,41
1696,6RD959801E,2021-01-18,1000-1,2
1697,6RD959801E,2021-01-19,1000-1,17
1698,6RD959801E,2021-01-20,1000-1,2
1699,6RD959801E,2021-01-22,1000-1,1
1700,6RD959801E,2021-01-25,1000-1,4
1701,6RD959801E,2021-01-26,1000-1,2
1702,6RD959801E,2021-01-27,1000-1,4
1703,6RD959801E,2021-01-28,1000-1,4
1704,6RD959801E,2021-02-01,1000-1,3
1705,6RD959801E,2021-02-03,1000-1,1
1706,6RD959801E,2021-02-04,1000-1,1
1707,6RD959801E,2021-02-05,1000-1,1
1708,6RD959801E,2021-02-07,1000-1,2
1709,6RD959801E,2021-02-18,1000-1,1
1710,6RD959801E,2021-02-19,1000-1,1
1711,6RD959801E,2021-02-20,1000-1,2
1712,6RD959801E,2021-02-21,1000-1,1
1713,6RD959801E,2021-02-22,1000-1,5
1714,6RD959801E,2021-02-23,1000-1,3
1715,6RD959801E,2021-02-24,1000-1,2
1716,6RD959801E,2021-02-25,1000-1,33
1717,6RD959801E,2021-02-28,1000-1,2
1718,6RD959801E,2021-03-01,1000-1,1
1719,6RD959801E,2021-03-02,1000-1,17
1720,6RD959801E,2021-03-03,1000-1,3
1721,6RD959801E,2021-03-05,1000-1,3
1722,6RD959801E,2021-03-08,1000-1,1
1723,6RD959801E,2021-03-09,1000-1,7
1724,6RD959801E,2021-03-10,1000-1,2
1725,6RD959801E,2021-03-15,1000-1,2
1726,6RD959801E,2021-03-16,1000-1,3
1727,6RD959801E,2021-03-17,1000-1,1
1728,6RD959801E,2021-03-18,1000-1,4
1729,6RD959801E,2021-03-22,1000-1,7
1730,6RD959801E,2021-03-23,1000-1,7
1731,6RD959801E,2021-03-24,1000-1,5
1732,6RD959801E,2021-03-26,1000-1,31
1733,6RD959801E,2021-03-27,1000-1,1
1734,6RD959801E,2021-03-29,1000-1,2
1735,6RD959801E,2021-03-30,1000-1,2
1736,6RD959801E,2021-03-31,1000-1,1
1737,6RD959801E,2021-04-01,1000-1,6
1738,6RD959801E,2021-04-02,1000-1,3
1739,6RD959801E,2021-04-06,1000-1,2
1740,6RD959801E,2021-04-07,1000-1,2
1741,6RD959801E,2021-04-10,1000-1,1
1742,6RD959801E,2021-04-13,1000-1,6
1743,6RD959801E,2021-04-14,1000-1,1
1744,6RD959801E,2021-04-15,1000-1,1
1745,6RD959801E,2021-04-19,1000-1,7
1746,6RD959801E,2021-04-20,1000-1,9
1747,6RD959801E,2021-04-21,1000-1,1
1748,6RD959801E,2021-04-22,1000-1,33
1749,6RD959801E,2021-04-25,1000-1,1
1750,6RD959801E,2021-04-30,1000-1,1
1751,6RD959801E,2021-05-06,1000-1,4
1752,6RD959801E,2021-05-08,1000-1,10
1753,6RD959801E,2021-05-09,1000-1,1
1754,6RD959801E,2021-05-12,1000-1,1
1755,6RD959801E,2021-05-14,1000-1,1
1756,6RD959801E,2021-05-17,1000-1,1
1757,6RD959801E,2021-05-18,1000-1,1
1758,6RD959801E,2021-05-19,1000-1,3
1759,6RD959801E,2021-05-20,1000-1,4
1760,6RD959801E,2021-05-23,1000-1,1
1761,6RD959801E,2021-05-25,1000-1,4
1762,6RD959801E,2021-05-27,1000-1,2
1763,6RD959801E,2021-05-28,1000-1,2
1764,6RD959801E,2021-05-29,1000-1,1
1765,6RD959801E,2021-05-30,1000-1,1
1766,6RD959801E,2021-06-01,1000-1,1
1767,6RD959801E,2021-06-02,1000-1,5
1768,6RD959801E,2021-06-03,1000-1,1
1769,6RD959801E,2021-06-04,1000-1,1
1770,6RD959801E,2021-06-06,1000-1,3
1771,6RD959801E,2021-06-09,1000-1,2
1772,6RD959801E,2021-06-10,1000-1,1
1773,6RD959801E,2021-06-11,1000-1,1
1774,6RD959801E,2021-06-16,1000-1,1
1775,6RD959801E,2021-06-17,1000-1,51
1776,6RD959801E,2021-06-18,1000-1,4
1777,6RD959801E,2021-06-21,1000-1,7
1778,6RD959801E,2021-06-28,1000-1,2
1779,6RD959801E,2021-06-29,1000-1,1
1780,6RD959801E,2021-06-30,1000-1,21
1781,6RD959801E,2021-07-01,1000-1,1
1782,6RD959801E,2021-07-05,1000-1,5
1783,6RD959801E,2021-07-08,1000-1,15
1784,6RD959801E,2021-07-12,1000-1,2
1785,6RD959801E,2021-07-13,1000-1,2
1786,6RD959801E,2021-07-14,1000-1,2
1787,6RD959801E,2021-07-19,1000-1,1
1788,6RD959801E,2021-07-20,1000-1,1
1789,6RD959801E,2021-07-22,1000-1,1
1790,6RD959801E,2021-07-23,1000-1,1
1791,6RD959801E,2021-07-26,1000-1,3
1792,6RD959801E,2021-07-27,1000-1,6
1793,6RD959801E,2021-07-28,1000-1,15
1794,6RD959801E,2021-07-30,1000-1,1
1795,6RD959801E,2021-08-03,1000-1,10
1796,6RD959801E,2021-08-04,1000-1,125
1797,6RD959801E,2021-08-06,1000-1,5
1798,6RD959801E,2021-08-09,1000-1,21
1799,6RD959801E,2021-08-10,1000-1,50
1800,6RD959801E,2021-08-11,1000-1,32
1801,6RD959801E,2021-08-12,1000-1,6
1802,6RD959801E,2021-08-15,1000-1,2
1803,6RD959801E,2021-08-16,1000-1,63
1804,6RD959801E,2021-08-17,1000-1,1
1805,6RD959801E,2021-08-18,1000-1,33
1806,6RD959801E,2021-08-19,1000-1,1
1807,6RD959801E,2021-08-20,1000-1,51
1808,6RD959801E,2021-08-23,1000-1,104
1809,6RD959801E,2021-08-24,1000-1,4
1810,6RD959801E,2021-08-25,1000-1,27
1811,6RD959801E,2021-08-26,1000-1,17
1812,6RD959801E,2021-08-27,1000-1,6
1813,6RD959801E,2021-08-29,1000-1,1
1814,6RD959801E,2021-08-30,1000-1,10
1815,6RD959801E,2021-08-31,1000-1,21
1816,6RD959801E,2021-09-01,1000-1,51
1817,6RD959801E,2021-09-02,1000-1,19
1818,6RD959801E,2021-09-03,1000-1,3
1819,6RD959801E,2021-09-05,1000-1,30
1820,6RD959801E,2021-09-06,1000-1,50
1821,6RD959801E,2021-09-07,1000-1,22
1822,6RD959801E,2021-09-08,1000-1,10
1823,6RD959801E,2021-09-10,1000-1,56
1824,6RD959801E,2021-09-12,1000-1,1
1825,6RD959801E,2021-09-13,1000-1,7
1826,6RD959801E,2021-09-14,1000-1,85
1827,6RD959801E,2021-09-16,1000-1,17
1828,6RD959801E,2021-09-17,1000-1,13
1829,6RD959801E,2021-09-18,1000-1,40
1830,6RD959801E,2021-09-21,1000-1,3
1831,6RD959801E,2021-09-22,1000-1,58
1832,6RD959801E,2021-09-23,1000-1,69
1833,6RD959801E,2021-09-24,1000-1,3
1834,6RD959801E,2021-09-25,1000-1,72
1835,6RD959801E,2021-09-26,1000-1,3
1836,6RD959801E,2021-09-27,1000-1,12
1837,6RD959801E,2021-09-30,1000-1,1
1838,6RD959801E,2021-10-07,1000-1,2
1839,6RD959801E,2021-10-08,1000-1,4
1840,6RD959801E,2021-10-09,1000-1,26
1841,6RD959801E,2021-10-11,1000-1,1
1842,6RD959801E,2021-10-12,1000-1,2
1843,6RD959801E,2021-10-13,1000-1,2
1844,6RD959801E,2021-10-14,1000-1,37
1845,6RD959801E,2021-10-15,1000-1,1
1846,6RD959801E,2021-10-18,1000-1,35
1847,6RD959801E,2021-10-19,1000-1,1
1848,6RD959801E,2021-10-20,1000-1,1
1849,6RD959801E,2021-10-21,1000-1,40
1850,6RD959801E,2021-10-22,1000-1,10
1851,6RD959801E,2021-10-24,1000-1,20
1852,6RD959801E,2021-10-25,1000-1,27
1853,6RD959801E,2021-10-26,1000-1,11
1854,6RD959801E,2021-10-27,1000-1,12
1855,6RD959801E,2021-10-28,1000-1,2
1856,6RD959801E,2021-10-29,1000-1,5
1857,6RD959801E,2021-11-01,1000-1,3
1858,6RD959801E,2021-11-02,1000-1,46
1859,6RD959801E,2021-11-03,1000-1,42
1860,6RD959801E,2021-11-04,1000-1,1
1861,6RD959801E,2021-11-05,1000-1,1
1862,6RD959801E,2021-11-08,1000-1,2
1863,6RD959801E,2021-11-09,1000-1,2
1864,6RD959801E,2021-11-10,1000-1,16
1865,6RD959801E,2021-11-11,1000-1,20
1866,6RD959801E,2021-11-15,1000-1,15
1867,6RD959801E,2021-11-17,1000-1,4
1868,6RD959801E,2021-11-18,1000-1,1
1869,6RD959801E,2021-11-19,1000-1,60
1870,6RD959801E,2021-11-22,1000-1,7
1871,6RD959801E,2021-11-23,1000-1,4
1872,6RD959801E,2021-11-24,1000-1,1
1873,6RD959801E,2021-11-25,1000-1,3
1874,6RD959801E,2021-12-01,1000-1,30
1875,6RD959801E,2021-12-02,1000-1,15
1876,6RD959801E,2021-12-06,1000-1,11
1877,6RD959801E,2021-12-07,1000-1,320
1878,6RD959801E,2021-12-08,1000-1,4
1879,6RD959801E,2021-12-09,1000-1,3
1880,6RD959801E,2021-12-10,1000-1,2
1881,6RD959801E,2021-12-13,1000-1,1
1882,6RD959801E,2021-12-14,1000-1,5
1883,6RD959801E,2021-12-15,1000-1,138
1884,6RD959801E,2021-12-16,1000-1,5
1885,6RD959801E,2021-12-20,1000-1,1
1886,6RD959801E,2021-12-21,1000-1,1
1887,6RD959801E,2021-12-22,1000-1,10
1888,6RD959801E,2021-12-23,1000-1,2
1889,6RD959801E,2021-12-24,1000-1,6
1890,6RD959801E,2021-12-28,1000-1,1
1891,6RD959801E,2021-12-29,1000-1,3
1892,6RD959801E,2021-12-31,1000-1,10
1893,6RD959801E,2022-01-02,1000-1,1
1894,6RD959801E,2022-01-04,1000-1,1
1895,6RD959801E,2022-01-05,1000-1,2
1896,6RD959801E,2022-01-06,1000-1,1
1897,6RD959801E,2022-01-07,1000-1,27
1898,6RD959801E,2022-01-10,1000-1,8
1899,6RD959801E,2022-01-11,1000-1,1
1900,6RD959801E,2022-01-13,1000-1,10
1901,6RD959801E,2022-01-17,1000-1,3
1902,6RD959801E,2022-01-18,1000-1,5
1903,6RD959801E,2022-01-19,1000-1,2
1904,6RD959801E,2022-01-20,1000-1,2
1905,6RD959801E,2022-01-21,1000-1,1
1906,6RD959801E,2022-01-23,1000-1,1
1907,6RD959801E,2022-01-24,1000-1,6
1908,6RD959801E,2022-02-09,1000-1,12
1909,6RD959801E,2022-02-10,1000-1,1
1910,6RD959801E,2022-02-11,1000-1,1
1911,6RD959801E,2022-02-13,1000-1,2
1912,6RD959801E,2022-02-14,1000-1,6
1913,6RD959801E,2022-02-15,1000-1,3
1914,6RD959801E,2022-02-16,1000-1,36
1915,6RD959801E,2022-02-17,1000-1,2
1916,6RD959801E,2022-02-21,1000-1,5
1917,6RD959801E,2022-02-22,1000-1,8
1918,6RD959801E,2022-02-23,1000-1,51
1919,6RD959801E,2022-02-24,1000-1,1
1920,6RD959801E,2022-02-25,1000-1,3
1921,6RD959801E,2022-02-26,1000-1,1
1922,6RD959801E,2022-02-27,1000-1,2
1923,6RD959801E,2022-02-28,1000-1,7
1924,6RD959801E,2022-03-01,1000-1,5
1925,6RD959801E,2022-03-02,1000-1,5
1926,6RD959801E,2022-03-03,1000-1,9
1927,6RD959801E,2022-03-04,1000-1,6
1928,6RD959801E,2022-03-07,1000-1,3
1929,6RD959801E,2022-03-08,1000-1,8
1930,6RD959801E,2022-03-09,1000-1,12
1931,6RD959801E,2022-03-10,1000-1,5
1932,6RD959801E,2022-03-11,1000-1,2
1933,6RD959801E,2022-03-14,1000-1,7
1934,6RD959801E,2022-03-15,1000-1,1
1935,6RD959801E,2022-03-16,1000-1,25
1936,6RD959801E,2022-03-17,1000-1,21
1937,6RD959801E,2022-03-18,1000-1,1
1938,6RD959801E,2022-03-21,1000-1,4
1939,6RD959801E,2022-03-22,1000-1,28
1940,6RD959801E,2022-03-24,1000-1,36
1941,6RD959801E,2022-03-28,1000-1,5
1942,6RD959801E,2022-03-29,1000-1,25
1943,6RD959801E,2022-03-30,1000-1,10
1944,6RD959801E,2022-03-31,1000-1,1
1945,6RD959801E,2022-04-01,1000-1,18
1946,6RD959801E,2022-04-03,1000-1,2
1947,6RD959801E,2022-04-06,1000-1,41
1948,6RD959801E,2022-04-07,1000-1,2
1949,6RD959801E,2022-04-08,1000-1,4
1950,6RD959801E,2022-04-11,1000-1,20
1951,6RD959801E,2022-04-12,1000-1,5
1952,6RD959801E,2022-04-13,1000-1,4
1953,6RD959801E,2022-04-15,1000-1,5
1954,6RD959801E,2022-04-18,1000-1,1
1955,6RD959801E,2022-04-19,1000-1,4
1956,6RD959801E,2022-04-20,1000-1,21
1957,6RD959801E,2022-04-21,1000-1,10
1958,6RD959801E,2022-04-22,1000-1,2
1959,6RD959801E,2022-04-24,1000-1,2
1960,6RD959801E,2022-04-25,1000-1,1
1961,6RD959801E,2022-05-07,1000-1,1
1962,6RD959801E,2022-05-08,1000-1,2
1963,6RD959801E,2022-05-09,1000-1,1
1964,6RD959801E,2022-05-11,1000-1,12
1965,6RD959801E,2022-05-15,1000-1,30
1966,6RD959801E,2022-05-16,1000-1,9
1967,6RD959801E,2022-05-18,1000-1,7
1968,6RD959801E,2022-05-19,1000-1,1
1969,6RD959801E,2022-05-26,1000-1,1
1970,6RD959801E,2022-05-28,1000-1,5
1971,6RD959801E,2022-05-29,1000-1,1
1972,6RD959801E,2022-05-31,1000-1,2
1973,6RD959801E,2022-06-01,1000-1,4
1974,6RD959801E,2022-06-07,1000-1,3
1975,6RD959801E,2022-06-09,1000-1,5
1976,6RD959801E,2022-06-12,1000-1,1
1977,6RD959801E,2022-06-13,1000-1,5
1978,6RD959801E,2022-06-14,1000-1,5
1979,6RD959801E,2022-06-15,1000-1,6
1980,6RD959801E,2022-06-16,1000-1,15
1981,6RD959801E,2022-06-17,1000-1,2
1982,6RD959801E,2022-06-21,1000-1,5
1983,6RD959801E,2022-06-22,1000-1,54
1984,6RD959801E,2022-06-24,1000-1,1
1985,6RD959801E,2022-06-25,1000-1,5
1986,6RD959801E,2022-06-28,1000-1,11
1987,6RD959801E,2022-06-29,1000-1,1
1988,6RD959801E,2022-07-01,1000-1,1
1989,6RD959801E,2022-07-03,1000-1,5
1990,6RD959801E,2022-07-04,1000-1,1
1991,6RD959801E,2022-07-06,1000-1,15
1992,6RD959801E,2022-07-07,1000-1,7
1993,6RD959801E,2022-07-08,1000-1,2
1994,6RD959801E,2022-07-13,1000-1,100
1995,6RD959801E,2022-07-14,1000-1,5
1996,6RD959801E,2022-07-15,1000-1,2
1997,6RD959801E,2022-07-18,1000-1,10
1998,6RD959801E,2022-07-19,1000-1,20
1999,6RD959801E,2022-07-20,1000-1,17
2000,6RD959801E,2022-07-21,1000-1,15
2001,6RD959801E,2022-07-27,1000-1,109
2002,6RD959801E,2022-07-30,1000-1,1
2003,6RD959801E,2022-08-02,1000-1,11
2004,6RD959801E,2022-08-04,1000-1,10
2005,6RD959801E,2022-08-05,1000-1,3
2006,6RD959801E,2022-08-07,1000-1,5
2007,6RD959801E,2022-08-08,1000-1,51
2008,6RD959801E,2022-08-09,1000-1,2
2009,6RD959801E,2022-08-11,1000-1,6
2010,6RD959801E,2022-08-17,1000-1,3
2011,6RD959801E,2022-08-18,1000-1,2
2012,6RD959801E,2022-08-19,1000-1,1
2013,6RD959801E,2022-08-22,1000-1,3
2014,6RD959801E,2022-08-24,1000-1,4
2015,6RD959801E,2022-08-25,1000-1,20
2016,6RD959801E,2022-08-29,1000-1,1
2017,6RD959801E,2022-08-30,1000-1,1
2018,6RD959801E,2022-08-31,1000-1,1
2019,6RD959801E,2022-09-04,1000-1,1
2020,6RD959801E,2022-09-06,1000-1,1
2021,6RD959801E,2022-09-09,1000-1,32
2022,6RD959801E,2022-09-13,1000-1,1
2023,6RD959801E,2022-09-14,1000-1,1
2024,6RD959801E,2022-09-15,1000-1,1
2025,6RD959801E,2022-09-19,1000-1,50
2026,6RD959801E,2022-09-22,1000-1,5
2027,6RD959801E,2022-09-23,1000-1,1
2028,6RD959801E,2022-09-26,1000-1,2
2029,6RD959801E,2022-09-27,1000-1,2
2030,6RD959801E,2022-10-07,1000-1,1
2031,6RD959801E,2022-10-09,1000-1,10
2032,6RD959801E,2022-10-10,1000-1,1
2033,6RD959801E,2022-10-11,1000-1,1
2034,6RD959801E,2022-10-14,1000-1,1
2035,6RD959801E,2022-10-17,1000-1,8
2036,6RD959801E,2022-10-20,1000-1,58
2037,6RD959801E,2022-10-24,1000-1,3
2038,6RD959801E,2022-10-26,1000-1,13
2039,6RD959801E,2022-10-31,1000-1,6
2040,6RD959801E,2022-11-01,1000-1,23
2041,6RD959801E,2022-11-02,1000-1,1
2042,6RD959801E,2022-11-03,1000-1,21
2043,6RD959801E,2022-11-04,1000-1,20
2044,6RD959801E,2022-11-09,1000-1,16
2045,6RD959801E,2022-11-14,1000-1,1
2046,6RD959801E,2022-11-16,1000-1,1
2047,6RD959801E,2022-11-17,1000-1,101
2048,6RD959801E,2022-11-18,1000-1,10
2049,6RD959801E,2022-11-20,1000-1,1
2050,6RD959801E,2022-11-24,1000-1,5
2051,6RD959801E,2022-11-29,1000-1,1
2052,6RD959801E,2022-12-02,1000-1,5
2053,6RD959801E,2022-12-05,1000-1,3
2054,6RD959801E,2022-12-06,1000-1,3
2055,6RD959801E,2022-12-07,1000-1,10
2056,6RD959801E,2022-12-08,1000-1,2
2057,6RD959801E,2022-12-09,1000-1,1
2058,6RD959801E,2022-12-12,1000-1,1
2059,6RD959801E,2022-12-14,1000-1,3
2060,6RD959801E,2022-12-15,1000-1,1
2061,6RD959801E,2022-12-16,1000-1,5
2062,6RD959801E,2022-12-20,1000-1,1
2063,6RD959801E,2022-12-21,1000-1,3
2064,6RD959801E,2022-12-26,1000-1,1
2065,6RD959801E,2022-12-27,1000-1,103
2066,6RD959801E,2023-01-03,1000-1,1
2067,6RD959801E,2023-01-05,1000-1,20
2068,6RD959801E,2023-01-06,1000-1,10
2069,6RD959801E,2023-01-11,1000-1,3
2070,6RD959801E,2023-01-13,1000-1,5
2071,6RD959801E,2023-01-16,1000-1,4
2072,6RD959801E,2023-01-29,1000-1,2
2073,6RD959801E,2023-01-30,1000-1,3
2074,6RD959801E,2023-02-02,1000-1,2
2075,6RD959801E,2023-02-06,1000-1,1
2076,6RD959801E,2023-02-08,1000-1,10
2077,6RD959801E,2023-02-10,1000-1,2
2078,6RD959801E,2023-02-13,1000-1,1
2079,6RD959801E,2023-02-14,1000-1,34
2080,6RD959801E,2023-02-15,1000-1,168
2081,6RD959801E,2023-02-16,1000-1,25
2082,6RD959801E,2023-02-17,1000-1,5
2083,6RD959801E,2023-02-19,1000-1,5
2084,6RD959801E,2023-02-20,1000-1,6
2085,6RD959801E,2023-02-21,1000-1,2
2086,6RD959801E,2023-02-22,1000-1,2
2087,6RD959801E,2023-02-23,1000-1,58
2088,6RD959801E,2023-02-24,1000-1,10
2089,6RD959801E,2023-02-26,1000-1,5
2090,6RD959801E,2023-02-27,1000-1,1
2091,6RD959801E,2023-03-01,1000-1,30
2092,6RD959801E,2023-03-02,1000-1,28
2093,6RD959801E,2023-03-07,1000-1,11
2094,6RD959801E,2023-03-08,1000-1,10
2095,6RD959801E,2023-03-12,1000-1,10
2096,6RD959801E,2023-03-13,1000-1,22
2097,6RD959801E,2023-03-14,1000-1,16
2098,6RD959801E,2023-03-15,1000-1,28
2099,6RD959801E,2023-03-16,1000-1,12
2100,6RD959801E,2023-03-17,1000-1,3
2101,6RD959801E,2023-03-20,1000-1,20
2102,6RD959801E,2023-03-27,1000-1,206
2103,6RD959801E,2023-03-28,1000-1,3
2104,6RD959801E,2023-03-31,1000-1,15
2105,6RD959801E,2023-04-03,1000-1,5
2106,6RD959801E,2023-04-04,1000-1,5
2107,6RD959801E,2023-04-06,1000-1,3
2108,6RD959801E,2023-04-10,1000-1,2
2109,6RD959801E,2023-04-11,1000-1,1
2110,6RD959801E,2023-04-12,1000-1,8
2111,6RD959801E,2023-04-13,1000-1,2
2112,6RD959801E,2023-04-16,1000-1,1
2113,6RD959801E,2023-04-17,1000-1,4
2114,6RD959801E,2023-04-18,1000-1,12
2115,6RD959801E,2023-04-20,1000-1,2
2116,6RD959801E,2023-04-24,1000-1,10
2117,6RD959801E,2023-04-26,1000-1,20
2118,6RD959801E,2023-04-28,1000-1,5
2119,6RD959801E,2023-05-03,1000-1,1
2120,6RD959801E,2023-05-04,1000-1,1
2121,6RD959801E,2023-05-05,1000-1,1
2122,6RD959801E,2023-05-06,1000-1,6
2123,6RD959801E,2023-05-08,1000-1,6
2124,6RD959801E,2023-05-09,1000-1,4
2125,6RD959801E,2023-05-11,1000-1,11
2126,6RD959801E,2023-05-15,1000-1,1
2127,6RD959801E,2023-05-17,1000-1,2
2128,6RD959801E,2023-05-23,1000-1,2
2129,6RD959801E,2023-05-24,1000-1,5
2130,6RD959801E,2023-05-25,1000-1,20
2131,6RD959801E,2023-05-28,1000-1,2
2132,6RD959801E,2023-06-02,1000-1,1
2133,6RD959801E,2023-06-05,1000-1,12
2134,6RD959801E,2023-06-12,1000-1,1
2135,6RD959801E,2023-06-18,1000-1,1
2136,6RD959801E,2023-06-26,1000-1,1
2137,6RD959801E,2023-06-27,1000-1,50
2138,6RD959801E,2023-06-30,1000-1,3
2139,6RD959801E,2023-07-04,1000-1,1
2140,6RD959801E,2023-07-10,1000-1,1
2141,6RD959801E,2023-07-24,1000-1,1
2142,6RD959801E,2023-07-31,1000-1,1
2143,6RD959801E,2023-08-02,1000-1,2
2144,6RD959801E,2023-08-07,1000-1,1
2145,6RD959801E,2023-08-08,1000-1,2
2146,6RD959801E,2023-08-11,1000-1,1
2147,6RD959801E,2023-08-14,1000-1,1
2148,6RD959801E,2023-08-20,1000-1,1
2149,6RD959801E,2023-09-05,1000-1,1
2150,6RD959801E,2023-09-08,1000-1,1
2151,6RD959801E,2023-09-21,1000-1,1
2152,6RD959801E,2023-09-27,1000-1,1
2153,6RD959801E,2023-10-20,1000-1,1
