"PARTNUMBER","HOSTLOCID","ERDAT","KWMENG"
"零件代码","仓库","日期","预测值"
"11D941078C","1000-2","202309","4.027778"
"11D941078C","1000-2","202403","5.022222"
"11D941078C","1000-2","202404","5.022222"
"11D941078C","1000-2","202405","5.022222"
"3CC945208A","1000-1","202305","10.666667"
"3CC945208A","1000-1","202307","7"
"3CC945208A","1000-1","202311","7.533333"
"3CC945208A","5001","202402","7.583333"
"3CC945208A","5001","202408","7.583333"
"3CC945208A","6000","202310","5.666667"
"3CC945208A","6000","202408","5.666667"
"3CC945208A","6000","202409","5.666667"
"3CC945208A","8011","202309","2.2"
"3CC945208A","8011","202407","3.571429"
"3CC945208A","8012","202308","1.333333"
"3CC945208A","8013","202404","1.333333"
"3CC945208A","8015","202407","2.777778"
"3CC945208A","8022","202307","0.428571"
"3CC945208A","8022","202404","3.090909"
"3CC945208A","8022","202405","3.090909"
"6RD959801E","1000-1","201703","0.047619"
"6RD959801E","1000-1","201705","5.61039"
"6RD959801E","1000-1","201711","0.009524"
"6RD959801E","1000-1","201805","0"
"6RD959801E","1000-1","201812",""
"6RD959801E","1000-1","201906",""
"6RD959801E","1000-1","201911",""
"6RD959801E","1000-1","202007",""
"6RD959801E","1000-1","202008",""
"6RD959801E","1000-1","202103",""
"6RD959801E","1000-1","202108",""
"6RD959801E","1000-1","202307","156.25"
"6RD959801E","1000-1","202309","35.75"
"6RD959801E","1000-1","202407","111.03"
"6RD959801E","3001","201705","57.939543"
"6RD959801E","3001","201712","19.580645"
"6RD959801E","3001","201803","59.25"
"6RD959801E","3001","201804","70"
"6RD959801E","3001","201811","22.75"
"6RD959801E","3001","202008","1.999132"
"6RD959801E","3001","202101","5.321796"
"6RD959801E","3002","201810","0.5"
"6RD959801E","5001","201612","107.045662"
"6RD959801E","5001","201710","98.378177"
"6RD959801E","5001","201801","86.75"
"6RD959801E","5001","201805","192"
"6RD959801E","5001","201809","70.5"
"6RD959801E","5001","201810","72.25"
"6RD959801E","5001","201902","77.15"
"6RD959801E","5001","202003","20.629316"
"6RD959801E","5001","202005","57.165458"
"6RD959801E","5001","202009","57.729091"
"6RD959801E","5001","202109","35.75"
"6RD959801E","6000","201609","13.848485"
"6RD959801E","6000","201610","15.948617"
"6RD959801E","6000","201708","26.078331"
"6RD959801E","6000","201709","20.887817"
"6RD959801E","6000","201805","42.75"
"6RD959801E","6000","201812","25.663333"
"6RD959801E","6000","202004","2.820447"
"6RD959801E","6000","202006","7.514016"
"6RD959801E","6000","202007","7.658087"
"6RD959801E","6000","202009","7.354839"
"6RD959801E","6000","202202","0"
"6RD959801E","6000","202209","10.5"
"6RD959801E","6000","202303","0"
"6RD959801E","6000","202312","0"
"6RD959801E","6000","202402","0"
"6RD959801E","6000","202406","0"
"6RD959801E","8011","201604","1"
"6RD959801E","8011","201804","61.25"
"6RD959801E","8011","201805","66.5"
"6RD959801E","8011","201901","41.92"
"6RD959801E","8011","201907","10.75"
"6RD959801E","8011","201908","15.25"
"6RD959801E","8011","202004","26.5"
"6RD959801E","8011","202009","27.25"
"6RD959801E","8011","202011","4.75"
"6RD959801E","8011","202206","16.673333"
"6RD959801E","8012","201704","65.206527"
"6RD959801E","8012","201706","62.174278"
"6RD959801E","8012","201709","39.706062"
"6RD959801E","8012","201905","16.871668"
"6RD959801E","8012","201906","17.186463"
"6RD959801E","8012","202003","0.432775"
"6RD959801E","8012","202109","7.896667"
"6RD959801E","8012","202205","0.073333"
"6RD959801E","8012","202206","0.056667"
"6RD959801E","8013","201805","22.496063"
"6RD959801E","8013","201901","0"
"6RD959801E","8013","201907","10.896667"
"6RD959801E","8013","202003","0.531523"
"6RD959801E","8013","202005","2.86"
"6RD959801E","8015","201609","7.36"
"6RD959801E","8015","201708","12.854839"
"6RD959801E","8015","201709","31.619236"
"6RD959801E","8015","201803","58.960626"
"6RD959801E","8015","201807","41.366667"
"6RD959801E","8015","202102","22.91407"
"6RD959801E","8015","202108","0"
"6RD959801E","8015","202111","0"
"6RD959801E","8015","202202","0"
"6RD959801E","8015","202210","0"
"6RD959801E","8015","202211","0"
"6RD959801E","8015","202304","0"
"6RD959801E","8015","202404","0"
"6RD959801E","8015","202408","0"
"6RD959801E","8021","201608","12.166667"
"6RD959801E","8021","201702","18.985589"
"6RD959801E","8021","201801","13.72981"
"6RD959801E","8021","201904","25.517574"
"6RD959801E","8021","201910","21.5"
"6RD959801E","8021","201912","20.31"
"6RD959801E","8021","202007","14.463333"
"6RD959801E","8021","202009","14"
"6RD959801E","8021","202105","7.977575"
"6RD959801E","8022","201701","25.301898"
"6RD959801E","8022","201708","32.321363"
"6RD959801E","8022","201709","28.293497"
"6RD959801E","8022","201711","25.32803"
"6RD959801E","8022","201804","33.063399"
"6RD959801E","8022","201805","37.616258"
"6RD959801E","8022","201806","35.568694"
"6RD959801E","8022","202007","13.57578"
"6RD959801E","8022","202206","22"
"6RD959801E","8022","202207","24"
"6RD959801E","8022","202208","12.25"
"6RD959801E","8022","202209","15.36"
"6RD959801E","8023","201606","5"
"6RD959801E","8023","201611","13.572734"
"6RD959801E","8023","201703","20.431235"
"6RD959801E","8023","201710","8.376283"
"6RD959801E","8023","201801","8.645161"
"6RD959801E","8023","201808","5.5"
"6RD959801E","8023","201902","8.602524"
"6RD959801E","8023","201907","7.267589"
"6RD959801E","8023","202104","8.276394"
"6RD959801E","8023","202210","0"
"6RD959801E","8023","202403","0"
"6RD959801E","8025","201607","9.666667"
"6RD959801E","8025","201706","5.650733"
"6RD959801E","8025","201805","5.84"
"6RD959801E","8025","201806","5.653333"
"6RD959801E","8025","201808","6.5"
"6RD959801E","8025","201911","2.443875"
"6RD959801E","8025","202001","2.166611"
"6RD959801E","8025","202002","1.995939"
"6RD959801E","8031","201607","0.7"
"6RD959801E","8031","201801","5.372881"
"6RD959801E","8031","201802","6.381356"
"6RD959801E","8031","201806","9.046896"
"6RD959801E","8031","201808","6.105369"
"6RD959801E","8031","201901","2.551137"
"6RD959801E","8031","201903","6.25"
"6RD959801E","8031","202109","0"
"6RD959801E","5002","201902","10.25"
"6RD959801E","5002","202010","6.153333"
"11D941078C","1000-2","202303","2.333333"
"11D941078C","1000-2","202311","5.022222"
"11D941078C","1000-2","202407","5.022222"
"11D941078C","1000-2","202409","5.022222"
"3CC945208A","1000-1","202309","7.416667"
"3CC945208A","1000-1","202404","7.533333"
"3CC945208A","1000-1","202408","7.533333"
"3CC945208A","3001","202308","3.904762"
"3CC945208A","6000","202311","5.666667"
"3CC945208A","6000","202403","5.666667"
"3CC945208A","6000","202406","5.666667"
"3CC945208A","8011","202308","1.3"
"3CC945208A","8011","202405","3.571429"
"3CC945208A","8012","202409","2.8"
"3CC945208A","8013","202308","1"
"3CC945208A","8013","202311","1.333333"
"3CC945208A","8013","202406","1.333333"
"3CC945208A","8015","202308","1.904762"
"3CC945208A","8015","202309","2.428571"
"3CC945208A","8015","202311","2.777778"
"3CC945208A","8022","202402","3.090909"
"3CC945208A","8022","202407","3.090909"
"3CC945208A","8023","202308","5.583333"
"3CC945208A","8023","202311","10.309091"
"3CC945208A","8023","202312","10.309091"
"3CC945208A","8023","202402","10.309091"
"3CC945208A","5002","202307","0.166667"
"3CC945208A","5002","202309","0.066667"
"3CC945208A","5002","202404","0.047619"
"3CC945208A","5002","202409","0.047619"
"6RD959801E","1000-1","201612","0.166667"
"6RD959801E","1000-1","201708","0.015152"
"6RD959801E","1000-1","201806","0"
"6RD959801E","1000-1","201810",""
"6RD959801E","1000-1","201811",""
"6RD959801E","1000-1","201903",""
"6RD959801E","1000-1","201904",""
"6RD959801E","1000-1","201908",""
"6RD959801E","1000-1","202010",""
"6RD959801E","1000-1","202101",""
"6RD959801E","1000-1","202202","158.216589"
"6RD959801E","1000-1","202206","0.833333"
"6RD959801E","1000-1","202211","158.25"
"6RD959801E","1000-1","202311","111.03"
"6RD959801E","3001","201608","35.333333"
"6RD959801E","3001","201704","81.517225"
"6RD959801E","3001","201706","46.986913"
"6RD959801E","3001","201707","35.829189"
"6RD959801E","3001","201805","61.5"
"6RD959801E","3001","201905","20.991429"
"6RD959801E","3001","202003","22.097986"
"6RD959801E","3001","202006","2.800479"
"6RD959801E","3001","202102","4.895279"
"6RD959801E","3001","202108","1.27387"
"6RD959801E","3001","202110","6.533162"
"6RD959801E","3001","202208","2"
"6RD959801E","3002","201808","1.5"
"6RD959801E","5001","201607","24"
"6RD959801E","5001","201705","122.672693"
"6RD959801E","5001","201707","135.699673"
"6RD959801E","5001","201712","85.5"
"6RD959801E","5001","201910","47.365871"
"6RD959801E","5001","202004","36.412483"
"6RD959801E","5001","202012","67.740183"
"6RD959801E","5001","202105","35.75"
"6RD959801E","5001","202110","51"
"6RD959801E","6000","201702","54.627157"
"6RD959801E","6000","201703","58.767045"
"6RD959801E","6000","201705","46.762687"
"6RD959801E","6000","201707","30.846044"
"6RD959801E","6000","201710","15.135343"
"6RD959801E","6000","201904","27.603333"
"6RD959801E","6000","201909","29.493333"
"6RD959801E","6000","202001","6.709677"
"6RD959801E","6000","202008","6.863918"
"6RD959801E","6000","202102","10.884483"
"6RD959801E","6000","202110","7.68"
"6RD959801E","6000","202111","0"
"6RD959801E","6000","202205","11"
"6RD959801E","6000","202208","13.5"
"6RD959801E","6000","202301","0"
"6RD959801E","6000","202310","0"
"6RD959801E","6000","202407","0"
"6RD959801E","8011","201608","24.2"
"6RD959801E","8011","201705","51.103198"
"6RD959801E","8011","201708","24.738352"
"6RD959801E","8011","201710","15.101736"
"6RD959801E","8011","201807","51.5"
"6RD959801E","8011","201810","21.5"
"6RD959801E","8011","201912","20.75"
"6RD959801E","8011","202005","19.25"
"6RD959801E","8011","202104","19.486667"
"6RD959801E","8011","202108","10.983051"
"6RD959801E","8012","201607","9.6"
"6RD959801E","8012","201608","12.733333"
"6RD959801E","8012","201712","25.457163"
"6RD959801E","8012","201812","27.023333"
"6RD959801E","8012","201907","22.80737"
"6RD959801E","8012","201912","14.448679"
"6RD959801E","8012","202006","5.725806"
"6RD959801E","8012","202010","9.483871"
"6RD959801E","8012","202104","4.236667"
"6RD959801E","8012","202106","3.5"
"6RD959801E","8012","202107","4.25"
"6RD959801E","8013","201706","16.10747"
"6RD959801E","8013","201803","25.885258"
"6RD959801E","8013","201807","23.285963"
"6RD959801E","8013","201810","6.866969"
"6RD959801E","8013","201811","13.608621"
"6RD959801E","8013","201909","9.003333"
"6RD959801E","8013","202008","1.76"
"6RD959801E","8013","202011","1.276667"
"6RD959801E","8013","202104","1.203333"
"6RD959801E","8013","202106","1.096667"
"6RD959801E","8013","202207","0.333333"
"6RD959801E","8015","201703","68.847411"
"6RD959801E","8015","201707","22.33871"
"6RD959801E","8015","201804","54.169013"
"6RD959801E","8015","201808","39.223333"
"6RD959801E","8015","201901","16.870968"
"6RD959801E","8015","201902","24.870968"
"6RD959801E","8015","201903","26.564516"
"6RD959801E","8015","201905","35.080645"
"6RD959801E","8015","201906","24.784377"
"6RD959801E","8015","201912","49.455795"
"6RD959801E","8015","202010","23.086667"
"6RD959801E","8015","202101","33.534218"
"6RD959801E","8015","202104","11.27"
"6RD959801E","8015","202106","5.062599"
"6RD959801E","8015","202312","0"
"6RD959801E","8015","202402","0"
"6RD959801E","8021","201705","20.432766"
"6RD959801E","8021","201804","13.689497"
"6RD959801E","8021","201806","13.514335"
"6RD959801E","8021","202104","11.82505"
"6RD959801E","8022","201606","10"
"6RD959801E","8022","201611","30.323289"
"6RD959801E","8022","201612","27.072056"
"6RD959801E","8022","201812","28.506667"
"6RD959801E","8022","201903","18.983871"
"6RD959801E","8022","201904","27.467742"
"6RD959801E","8022","201908","18.75"
"6RD959801E","8022","201910","20.739263"
"6RD959801E","8022","201911","16.988469"
"6RD959801E","8022","202102","35"
"6RD959801E","8022","202106","4.25"
"6RD959801E","8022","202109","16.25"
"6RD959801E","8023","201610","7.934783"
"6RD959801E","8023","201612","16.142266"
"6RD959801E","8023","201706","16.199934"
"6RD959801E","8023","201712","8.370968"
"6RD959801E","8023","201904","8.02397"
"6RD959801E","8023","202103","3.611378"
"6RD959801E","8023","202111","0"
"6RD959801E","8023","202207","18"
"6RD959801E","8023","202211","0"
"6RD959801E","8023","202302","0"
"6RD959801E","8023","202312","0"
"6RD959801E","8025","201609","4.156667"
"6RD959801E","8025","201612","6.989202"
"6RD959801E","8025","201704","6.010221"
"6RD959801E","8025","201708","4.45458"
"6RD959801E","8025","201709","4.763664"
"6RD959801E","8025","201812","3.25"
"6RD959801E","8025","201909","3.30658"
"6RD959801E","8025","202003","1.901521"
"6RD959801E","8031","201612","1.818713"
"6RD959801E","8031","201711","4.290323"
"6RD959801E","8031","201810","5.726667"
"6RD959801E","8031","201812","0.662938"
"6RD959801E","8031","201902","5.621116"
"6RD959801E","8031","202010","0"
"6RD959801E","8031","202012","0"
"6RD959801E","8031","202101","0"
"6RD959801E","5002","201810","16"
"6RD959801E","5002","201905","15.543333"
"6RD959801E","5002","202008","6.283333"
"6RD959801E","5002","202102","1.25"
"6RD959801E","5002","202103","1.5"
"11D941078C","1000-2","202304","2.166667"
"11D941078C","1000-2","202305","1.7"
"11D941078C","1000-2","202406","5.022222"
"11D941078C","1000-2","202408","5.022222"
"3CC945208A","1000-1","202312","7.533333"
"3CC945208A","3001","202312","3.916667"
"3CC945208A","3001","202402","3.916667"
"3CC945208A","3001","202408","3.916667"
"3CC945208A","5001","202401","7.583333"
"3CC945208A","5001","202403","7.583333"
"3CC945208A","5001","202407","7.583333"
"3CC945208A","6000","202401","5.666667"
"3CC945208A","8011","202401","3.571429"
"3CC945208A","8011","202403","3.571429"
"3CC945208A","8011","202406","3.571429"
"3CC945208A","8011","202408","3.571429"
"3CC945208A","8012","202408","2.8"
"3CC945208A","8013","202309","1"
"3CC945208A","8013","202405","1.333333"
"3CC945208A","8013","202407","1.333333"
"3CC945208A","8015","202404","2.777778"
"3CC945208A","8015","202405","2.777778"
"3CC945208A","8015","202408","2.777778"
"3CC945208A","8022","202312","3.090909"
"3CC945208A","5002","202308","0.1"
"6RD959801E","1000-1","201707","0.018182"
"6RD959801E","1000-1","201712","0.008333"
"6RD959801E","1000-1","201808","0"
"6RD959801E","1000-1","201910",""
"6RD959801E","1000-1","201912",""
"6RD959801E","1000-1","202004",""
"6RD959801E","1000-1","202110",""
"6RD959801E","1000-1","202203","151.330981"
"6RD959801E","1000-1","202204","170.081132"
"6RD959801E","1000-1","202207","1"
"6RD959801E","1000-1","202406","111.03"
"6RD959801E","1000-1","202408","111.03"
"6RD959801E","3001","201709","20.118867"
"6RD959801E","3001","201801","35.193548"
"6RD959801E","3001","201901","30.34"
"6RD959801E","3001","201911","4.553775"
"6RD959801E","3001","201912","11.053825"
"6RD959801E","3001","202011","1.911121"
"6RD959801E","3001","202103","6.788567"
"6RD959801E","3001","202104","3.612784"
"6RD959801E","3001","202106","6.337564"
"6RD959801E","3002","201809","1.166667"
"6RD959801E","3002","201812","1.196667"
"6RD959801E","3002","201906","0.876667"
"6RD959801E","5001","201711","107.43825"
"6RD959801E","5001","201903","49.713644"
"6RD959801E","5001","201904","80.228163"
"6RD959801E","5001","201907","79.463398"
"6RD959801E","5001","201912","45.47244"
"6RD959801E","5001","202006","62.743863"
"6RD959801E","5001","202007","54.850835"
"6RD959801E","5001","202101","55.109299"
"6RD959801E","5001","202106","23.32735"
"6RD959801E","5001","202108","19.325711"
"6RD959801E","5001","202207","9"
"6RD959801E","5001","202208","23.75"
"6RD959801E","5001","202209","55.25"
"6RD959801E","6000","201612","42.786016"
"6RD959801E","6000","201701","46.539195"
"6RD959801E","6000","201704","52.899366"
"6RD959801E","6000","201706","37.690039"
"6RD959801E","6000","201801","19.403226"
"6RD959801E","6000","201802","30.5"
"6RD959801E","6000","201803","34.25"
"6RD959801E","6000","201903","25.293333"
"6RD959801E","6000","202012","13.919355"
"6RD959801E","6000","202104","8.234927"
"6RD959801E","6000","202201","0"
"6RD959801E","6000","202304","0"
"6RD959801E","6000","202306","0"
"6RD959801E","6000","202308","0"
"6RD959801E","8011","201606","6.666667"
"6RD959801E","8011","201610","13.93"
"6RD959801E","8011","201707","30.93718"
"6RD959801E","8011","201712","37.370968"
"6RD959801E","8011","201802","56.290323"
"6RD959801E","8011","201808","37.75"
"6RD959801E","8011","201809","30.25"
"6RD959801E","8011","201811","21.5"
"6RD959801E","8011","202007","43.25"
"6RD959801E","8011","202110","13.87"
"6RD959801E","8011","202207","15.463333"
"6RD959801E","8012","201707","64.233976"
"6RD959801E","8012","201708","45.232417"
"6RD959801E","8012","201801","17.753759"
"6RD959801E","8012","201803","33.127119"
"6RD959801E","8012","201804","41.788136"
"6RD959801E","8012","201806","38.042373"
"6RD959801E","8012","202002","10.285115"
"6RD959801E","8012","202101","3.102225"
"6RD959801E","8013","201609","3.747368"
"6RD959801E","8013","201712","20.802978"
"6RD959801E","8013","201804","26.015133"
"6RD959801E","8013","202007","1.956667"
"6RD959801E","8013","202101","0.943333"
"6RD959801E","8013","202102","0.773333"
"6RD959801E","8013","202103","0.9"
"6RD959801E","8015","201706","35.564516"
"6RD959801E","8015","201802","62.967599"
"6RD959801E","8015","201904","41.548387"
"6RD959801E","8015","201908","16.176575"
"6RD959801E","8015","202004","17.090487"
"6RD959801E","8015","202009","23.58"
"6RD959801E","8015","202011","21.676667"
"6RD959801E","8015","202112","0"
"6RD959801E","8015","202206","6.353333"
"6RD959801E","8015","202209","8.683333"
"6RD959801E","8015","202301","0"
"6RD959801E","8015","202303","0"
"6RD959801E","8015","202405","0"
"6RD959801E","8015","202406","0"
"6RD959801E","8021","201606","9"
"6RD959801E","8021","201607","12.333333"
"6RD959801E","8021","201609","7.54"
"6RD959801E","8021","201707","16.083497"
"6RD959801E","8021","201805","14.398821"
"6RD959801E","8021","201812","15.810995"
"6RD959801E","8021","202006","13.79"
"6RD959801E","8021","202008","13.346667"
"6RD959801E","8021","202010","19.75"
"6RD959801E","8021","202101","2.84529"
"6RD959801E","8021","202106","8.073576"
"6RD959801E","8021","202205","0.036667"
"6RD959801E","8022","201712","23.617508"
"6RD959801E","8022","201811","29.65"
"6RD959801E","8022","201905","24.096774"
"6RD959801E","8022","202010","35"
"6RD959801E","8023","201809","6.381847"
"6RD959801E","8023","201901","8.308332"
"6RD959801E","8023","202011","3.69284"
"6RD959801E","8023","202101","6.376052"
"6RD959801E","8023","202202","0"
"6RD959801E","8023","202208","13"
"6RD959801E","8023","202212","0"
"6RD959801E","8023","202301","0"
"6RD959801E","8023","202310","0"
"6RD959801E","8023","202404","0"
"6RD959801E","8025","201606","5"
"6RD959801E","8025","201802","6.25"
"6RD959801E","8025","201807","5.75"
"6RD959801E","8025","201809","5.099839"
"6RD959801E","8025","201811","5.884053"
"6RD959801E","8025","201912","3.232318"
"6RD959801E","8031","201605","1.333333"
"6RD959801E","8031","201609","1.6"
"6RD959801E","8031","201704","3.87747"
"6RD959801E","8031","201811","5.496667"
"6RD959801E","8031","201908","17.25"
"6RD959801E","8031","201909","18"
"6RD959801E","8031","202006","0"
"6RD959801E","8031","202008","0"
"6RD959801E","8031","202009","0"
"6RD959801E","5002","201904","16.09"
"6RD959801E","5002","201909","0.409679"
"6RD959801E","5002","201910","8.143333"
"6RD959801E","5002","202009","6.21"
"11D941078C","1000-2","202308","2.892857"
"3CC945208A","1000-1","202302","4.666667"
"3CC945208A","1000-1","202310","7.533333"
"3CC945208A","1000-1","202405","7.533333"
"3CC945208A","1000-1","202406","7.533333"
"3CC945208A","3001","202307","2.266667"
"3CC945208A","3001","202310","3.916667"
"3CC945208A","3001","202311","3.916667"
"3CC945208A","3001","202405","3.916667"
"3CC945208A","5001","202307","2.8"
"3CC945208A","6000","202309","3.333333"
"3CC945208A","8011","202402","3.571429"
"3CC945208A","8011","202409","3.571429"
"3CC945208A","8012","202312","2.8"
"3CC945208A","8012","202401","2.8"
"3CC945208A","8012","202402","2.8"
"3CC945208A","8012","202404","2.8"
"3CC945208A","8012","202407","2.8"
"3CC945208A","8013","202307","1"
"3CC945208A","8013","202401","1.333333"
"3CC945208A","8013","202402","1.333333"
"3CC945208A","8013","202409","1.333333"
"3CC945208A","8015","202312","2.777778"
"3CC945208A","8015","202402","2.777778"
"3CC945208A","8022","202311","3.090909"
"3CC945208A","8022","202406","3.090909"
"3CC945208A","8023","202406","10.309091"
"6RD959801E","1000-1","201702","0.066667"
"6RD959801E","1000-1","201704","0.035714"
"6RD959801E","1000-1","201710","0.010989"
"6RD959801E","1000-1","201801","0.007353"
"6RD959801E","1000-1","201802","0.006536"
"6RD959801E","1000-1","201909",""
"6RD959801E","1000-1","202005",""
"6RD959801E","1000-1","202106",""
"6RD959801E","1000-1","202302","123.25"
"6RD959801E","1000-1","202308","71.041529"
"6RD959801E","1000-1","202312","111.03"
"6RD959801E","1000-1","202405","111.03"
"6RD959801E","3001","201610","18.036232"
"6RD959801E","3001","201612","57.603966"
"6RD959801E","3001","201703","95.430865"
"6RD959801E","3001","201903","45.402093"
"6RD959801E","3001","201909","21.003488"
"6RD959801E","3001","201910","1.183481"
"6RD959801E","3001","202002","11.895918"
"6RD959801E","3002","201904","1.066667"
"6RD959801E","3002","201907","0.79"
"6RD959801E","3002","201908","0.716667"
"6RD959801E","3002","201911","0.503333"
"6RD959801E","5001","201608","32.5"
"6RD959801E","5001","201610","23.74"
"6RD959801E","5001","201709","105.787653"
"6RD959801E","5001","201808","126.073333"
"6RD959801E","5001","201811","47.75"
"6RD959801E","5001","202002","38.394959"
"6RD959801E","5001","202107","32.228904"
"6RD959801E","6000","201611","41.32485"
"6RD959801E","6000","201809","11.75"
"6RD959801E","6000","201902","24.313333"
"6RD959801E","6000","202003","0.456132"
"6RD959801E","6000","202005","6.177419"
"6RD959801E","6000","202101","11.33871"
"6RD959801E","6000","202107","7.126928"
"6RD959801E","6000","202211","0"
"6RD959801E","6000","202311","0"
"6RD959801E","6000","202403","0"
"6RD959801E","8011","201605","4"
"6RD959801E","8011","201702","77.005915"
"6RD959801E","8011","201704","73.929439"
"6RD959801E","8011","201801","43.790323"
"6RD959801E","8011","201812","40.37"
"6RD959801E","8011","201904","44.52"
"6RD959801E","8011","202002","17.75"
"6RD959801E","8011","202003","17.75"
"6RD959801E","8011","202006","31.75"
"6RD959801E","8011","202010","15"
"6RD959801E","8011","202103","19.54"
"6RD959801E","8011","202109","8.440678"
"6RD959801E","8012","201609","7.533333"
"6RD959801E","8012","201612","36.451364"
"6RD959801E","8012","201701","42.231443"
"6RD959801E","8012","201705","55.439423"
"6RD959801E","8012","201809","34.58"
"6RD959801E","8012","201908","33.237"
"6RD959801E","8012","201911","16.816613"
"6RD959801E","8012","202001","12.292337"
"6RD959801E","8012","202103","5.470339"
"6RD959801E","8012","202105","3.963333"
"6RD959801E","8013","201801","23.655482"
"6RD959801E","8013","201808","13.611211"
"6RD959801E","8013","201904","3.268391"
"6RD959801E","8013","202002","0.888211"
"6RD959801E","8013","202009","1.566667"
"6RD959801E","8013","202010","1.446667"
"6RD959801E","8013","202109","1"
"6RD959801E","8013","202110","0.833333"
"6RD959801E","8015","201611","26.290958"
"6RD959801E","8015","201705","46.435484"
"6RD959801E","8015","201712","33.580734"
"6RD959801E","8015","201806","47.948525"
"6RD959801E","8015","202002","47.040095"
"6RD959801E","8015","202008","24.803333"
"6RD959801E","8015","202103","32.3798"
"6RD959801E","8015","202109","13.991463"
"6RD959801E","8015","202305","0"
"6RD959801E","8015","202311","0"
"6RD959801E","8015","202401","0"
"6RD959801E","8015","202409","0"
"6RD959801E","8021","201704","23.289203"
"6RD959801E","8021","201711","12.467117"
"6RD959801E","8021","201712","13.400457"
"6RD959801E","8021","201807","13.75"
"6RD959801E","8021","201902","13.461704"
"6RD959801E","8021","202011","13.75"
"6RD959801E","8021","202102","9.070071"
"6RD959801E","8021","202103","11.343992"
"6RD959801E","8021","202107","5.11992"
"6RD959801E","8022","201610","12.12987"
"6RD959801E","8022","201703","30.762362"
"6RD959801E","8022","201801","29.294006"
"6RD959801E","8022","201802","30.835205"
"6RD959801E","8022","201809","30.263333"
"6RD959801E","8022","201902","27.126667"
"6RD959801E","8022","202001","18.348261"
"6RD959801E","8022","202009","23.25"
"6RD959801E","8022","202101","41.25"
"6RD959801E","8022","202110","25.75"
"6RD959801E","8022","202205","24.75"
"6RD959801E","8023","201607","11.666667"
"6RD959801E","8023","201701","17.924715"
"6RD959801E","8023","201707","13.337305"
"6RD959801E","8023","201709","8.627131"
"6RD959801E","8023","201806","7.25"
"6RD959801E","8023","201812","8.629512"
"6RD959801E","8023","201908","8.13"
"6RD959801E","8023","201909","7.923333"
"6RD959801E","8023","201911","7.886667"
"6RD959801E","8023","202001","13.384829"
"6RD959801E","8023","202003","12.121369"
"6RD959801E","8023","202012","3.730494"
"6RD959801E","8023","202105","4.526775"
"6RD959801E","8023","202108","0.506994"
"6RD959801E","8023","202110","2.867456"
"6RD959801E","8023","202206","13.354839"
"6RD959801E","8025","201801","5.25"
"6RD959801E","8025","201804","5.6"
"6RD959801E","8025","201810","5.405335"
"6RD959801E","8025","201903","3.75"
"6RD959801E","8025","201904","4.25"
"6RD959801E","8031","201606","1.166667"
"6RD959801E","8031","201608","1.466667"
"6RD959801E","8031","201804","9.931917"
"6RD959801E","8031","201805","10.224486"
"6RD959801E","8031","201807","7.349783"
"6RD959801E","8031","202011","0"
"6RD959801E","8031","202106","0"
"6RD959801E","8031","202107","0"
"6RD959801E","5002","201906","0"
"6RD959801E","5002","201908","0"
"6RD959801E","5002","201911","9.1"
"6RD959801E","5002","201912","8.13"
"6RD959801E","5002","202002","5.636667"
"6RD959801E","5002","202007","5.87"
"6RD959801E","5002","202012","3.75"
"6RD959801E","5002","202108","3.5"
"6RD959801E","5002","202109","3.75"
"6RD959801E","5002","202207","23.398305"
"6RD959801E","5002","202208","23.190678"
"11D941078C","1000-2","202307","1.857143"
"3CC945208A","1000-1","202304","10.5"
"3CC945208A","1000-1","202407","7.533333"
"3CC945208A","3001","202406","3.916667"
"3CC945208A","6000","202405","5.666667"
"3CC945208A","8011","202312","3.571429"
"3CC945208A","8012","202307","2"
"3CC945208A","8012","202309","2.666667"
"3CC945208A","8012","202310","2.8"
"3CC945208A","8013","202403","1.333333"
"3CC945208A","8015","202307","1.066667"
"3CC945208A","8015","202401","2.777778"
"3CC945208A","8015","202403","2.777778"
"3CC945208A","8022","202309","1.777778"
"3CC945208A","8022","202310","3.090909"
"3CC945208A","8022","202401","3.090909"
"3CC945208A","8023","202407","10.309091"
"3CC945208A","8023","202408","10.309091"
"3CC945208A","5002","202311","0.047619"
"3CC945208A","5002","202401","0.047619"
"3CC945208A","5002","202407","0.047619"
"6RD959801E","1000-1","201611","0.333333"
"6RD959801E","1000-1","201709","0.012821"
"6RD959801E","1000-1","201803","0"
"6RD959801E","1000-1","201901",""
"6RD959801E","1000-1","201905",""
"6RD959801E","1000-1","202006",""
"6RD959801E","1000-1","202201","216.361597"
"6RD959801E","1000-1","202210","163.5"
"6RD959801E","1000-1","202212","131"
"6RD959801E","3001","201708","32.115752"
"6RD959801E","3001","201902","30.946667"
"6RD959801E","3001","202001","13.977144"
"6RD959801E","3001","202007","2.826377"
"6RD959801E","3001","202010","2.271871"
"6RD959801E","3001","202012","3.701085"
"6RD959801E","3001","202105","7.515454"
"6RD959801E","3002","201806","2"
"6RD959801E","3002","201901","1.13"
"6RD959801E","3002","201909","0.643333"
"6RD959801E","5001","201701","293.401242"
"6RD959801E","5001","201702","212.736985"
"6RD959801E","5001","201703","156.906614"
"6RD959801E","5001","201807","130.77"
"6RD959801E","5001","201905","76.137092"
"6RD959801E","5001","201908","62.077977"
"6RD959801E","5001","202102","57.75"
"6RD959801E","5001","202112","0"
"6RD959801E","5001","202205","30.250869"
"6RD959801E","6000","201712","16.225806"
"6RD959801E","6000","201804","42.75"
"6RD959801E","6000","201807","26"
"6RD959801E","6000","201810","10.5"
"6RD959801E","6000","201911","9.5"
"6RD959801E","6000","202010","10.225806"
"6RD959801E","6000","202108","7.153489"
"6RD959801E","6000","202206","10.5"
"6RD959801E","6000","202207","13"
"6RD959801E","6000","202210","0"
"6RD959801E","6000","202302","0"
"6RD959801E","8011","201709","19.346406"
"6RD959801E","8011","201803","63.5"
"6RD959801E","8011","201906","25.25"
"6RD959801E","8011","202105","17.773333"
"6RD959801E","8011","202205","9.5"
"6RD959801E","8012","201610","8.496667"
"6RD959801E","8012","201810","31.866667"
"6RD959801E","8012","201811","29.35"
"6RD959801E","8012","201901","25.47"
"6RD959801E","8012","201903","20.99772"
"6RD959801E","8012","202011","7.66129"
"6RD959801E","8013","201608","6.166667"
"6RD959801E","8013","201704","34"
"6RD959801E","8013","201708","20.814857"
"6RD959801E","8013","201710","31.727526"
"6RD959801E","8013","201711","24.647885"
"6RD959801E","8013","201905","3.699992"
"6RD959801E","8013","201910","7.453333"
"6RD959801E","8013","201911","6.586667"
"6RD959801E","8013","201912","0.743445"
"6RD959801E","8013","202006","2.56"
"6RD959801E","8013","202206","1.333333"
"6RD959801E","8013","202209","0.666667"
"6RD959801E","8015","201810","21.387915"
"6RD959801E","8015","202003","7.287145"
"6RD959801E","8015","202007","24.573333"
"6RD959801E","8015","202105","10.563333"
"6RD959801E","8015","202306","0"
"6RD959801E","8015","202308","0"
"6RD959801E","8015","202309","0"
"6RD959801E","8015","202403","0"
"6RD959801E","8021","201708","14.325461"
"6RD959801E","8021","201808","13"
"6RD959801E","8021","201809","12"
"6RD959801E","8021","201810","15.5"
"6RD959801E","8021","201903","13.567393"
"6RD959801E","8021","201905","23.764801"
"6RD959801E","8021","201911","18.75"
"6RD959801E","8021","202001","19.06"
"6RD959801E","8021","202002","17.616667"
"6RD959801E","8021","202108","9.074882"
"6RD959801E","8022","201705","35.837513"
"6RD959801E","8022","201707","35.479554"
"6RD959801E","8022","201803","34.898212"
"6RD959801E","8022","201906","26.25"
"6RD959801E","8022","201907","25.5"
"6RD959801E","8022","201912","9.9503"
"6RD959801E","8022","202103","24"
"6RD959801E","8022","202108","16.172727"
"6RD959801E","8023","201711","7.825779"
"6RD959801E","8023","201803","10.5"
"6RD959801E","8023","201905","9.019176"
"6RD959801E","8023","201910","8.52"
"6RD959801E","8023","202004","11.279495"
"6RD959801E","8023","202005","7.480887"
"6RD959801E","8023","202007","9.239933"
"6RD959801E","8023","202009","8.316085"
"6RD959801E","8023","202010","4.836193"
"6RD959801E","8023","202311","0"
"6RD959801E","8025","201702","6.659692"
"6RD959801E","8025","201707","5.130031"
"6RD959801E","8025","201905","4.75"
"6RD959801E","8025","201908","3.815155"
"6RD959801E","8025","201910","3.948763"
"6RD959801E","8031","201610","1.764706"
"6RD959801E","8031","201701","2.836842"
"6RD959801E","8031","201708","4.274194"
"6RD959801E","8031","201910","17.75"
"6RD959801E","8031","202007","0"
"6RD959801E","8031","202104","0"
"6RD959801E","8031","202108","0"
"6RD959801E","5002","201811","15"
"6RD959801E","5002","202004","4.906667"
"6RD959801E","5002","202005","5.64"
"6RD959801E","5002","202006","5.266667"
"6RD959801E","5002","202011","5.763333"
"6RD959801E","5002","202104","1"
"6RD959801E","5002","202105","3"
"6RD959801E","5002","202106","3.25"
"6RD959801E","5002","202206","25.444915"
"11D941078C","1000-2","202306","1.8"
"11D941078C","1000-2","202401","5.022222"
"3CC945208A","3001","202401","3.916667"
"3CC945208A","5001","202309","4.607143"
"3CC945208A","5001","202312","7.583333"
"3CC945208A","5001","202404","7.583333"
"3CC945208A","5001","202405","7.583333"
"3CC945208A","6000","202308","2.25"
"3CC945208A","6000","202407","5.666667"
"3CC945208A","8011","202311","3.571429"
"3CC945208A","8012","202403","2.8"
"3CC945208A","8012","202406","2.8"
"3CC945208A","8015","202310","2.777778"
"3CC945208A","8022","202308","1.222222"
"3CC945208A","8022","202403","3.090909"
"3CC945208A","8023","202405","10.309091"
"3CC945208A","5002","202403","0.047619"
"3CC945208A","5002","202406","0.047619"
"6RD959801E","1000-1","201701","0.1"
"6RD959801E","1000-1","201706","0.022222"
"6RD959801E","1000-1","201809","0"
"6RD959801E","1000-1","202003",""
"6RD959801E","1000-1","202009",""
"6RD959801E","1000-1","202011",""
"6RD959801E","1000-1","202104",""
"6RD959801E","1000-1","202205","0.833333"
"6RD959801E","1000-1","202208","1"
"6RD959801E","1000-1","202404","111.03"
"6RD959801E","3001","201701","69.846095"
"6RD959801E","3001","201710","15.223198"
"6RD959801E","3001","201711","11.008786"
"6RD959801E","3001","201806","43.75"
"6RD959801E","3001","201808","22"
"6RD959801E","3001","201810","24.25"
"6RD959801E","3001","201906","5.042791"
"6RD959801E","3001","201908","6.912721"
"6RD959801E","3001","202109","2.728814"
"6RD959801E","3001","202207","5.063333"
"6RD959801E","5001","201611","105.878145"
"6RD959801E","5001","201708","132.59433"
"6RD959801E","5001","201802","111"
"6RD959801E","5001","201804","143.75"
"6RD959801E","5001","201806","165.5"
"6RD959801E","5001","201906","85.796129"
"6RD959801E","5001","202008","52.721243"
"6RD959801E","6000","201608","22.5"
"6RD959801E","6000","201906","33.003333"
"6RD959801E","6000","201910","11.25"
"6RD959801E","6000","201912","9.419355"
"6RD959801E","6000","202002","7.677419"
"6RD959801E","6000","202011","7.677419"
"6RD959801E","6000","202103","9.631356"
"6RD959801E","6000","202106","7.483251"
"6RD959801E","6000","202112","0"
"6RD959801E","6000","202212","0"
"6RD959801E","6000","202305","0"
"6RD959801E","6000","202309","0"
"6RD959801E","6000","202401","0"
"6RD959801E","6000","202404","0"
"6RD959801E","8011","201910","31.25"
"6RD959801E","8011","202102","16.5"
"6RD959801E","8011","202106","16.24"
"6RD959801E","8011","202209","1.849013"
"6RD959801E","8012","201605","1.666667"
"6RD959801E","8012","201611","30.036951"
"6RD959801E","8012","201702","56.192813"
"6RD959801E","8012","201703","64.626868"
"6RD959801E","8012","201710","41.782553"
"6RD959801E","8012","201802","24.437827"
"6RD959801E","8012","201904","18.662497"
"6RD959801E","8012","201909","25.642603"
"6RD959801E","8012","202008","12.080645"
"6RD959801E","8012","202012","4.236037"
"6RD959801E","8013","201607","2.333333"
"6RD959801E","8013","201612","12"
"6RD959801E","8013","201701","17"
"6RD959801E","8013","201809","22.691118"
"6RD959801E","8013","201812","0"
"6RD959801E","8013","201903","13.158637"
"6RD959801E","8013","202012","1.11"
"6RD959801E","8013","202205","1.333333"
"6RD959801E","8013","202208","0.333333"
"6RD959801E","8015","201608","22.833333"
"6RD959801E","8015","201701","38.741582"
"6RD959801E","8015","201702","40.373724"
"6RD959801E","8015","201805","58.889736"
"6RD959801E","8015","201907","20.524554"
"6RD959801E","8015","201909","13.416322"
"6RD959801E","8015","202005","29.506832"
"6RD959801E","8015","202006","26.096667"
"6RD959801E","8015","202012","19.94"
"6RD959801E","8015","202107","3.755077"
"6RD959801E","8015","202110","14.215272"
"6RD959801E","8015","202205","7.21"
"6RD959801E","8015","202407","0"
"6RD959801E","8021","201610","9.196667"
"6RD959801E","8021","201701","20.073125"
"6RD959801E","8021","201706","19.766985"
"6RD959801E","8021","201710","15.445219"
"6RD959801E","8021","201802","14.183848"
"6RD959801E","8021","201901","15.053518"
"6RD959801E","8021","202004","13.61"
"6RD959801E","8021","202005","13.58"
"6RD959801E","8021","202012","5.237468"
"6RD959801E","8021","202110","0"
"6RD959801E","8022","201702","24.062486"
"6RD959801E","8022","201704","28.204709"
"6RD959801E","8022","201706","32.273066"
"6RD959801E","8022","201807","34.209919"
"6RD959801E","8022","201808","31.682182"
"6RD959801E","8022","201901","27.856667"
"6RD959801E","8022","202002","12.320338"
"6RD959801E","8022","202107","7.618777"
"6RD959801E","8023","201705","18.397239"
"6RD959801E","8023","201807","7.25"
"6RD959801E","8023","201903","8.475967"
"6RD959801E","8023","202006","5.223863"
"6RD959801E","8023","202106","3.009534"
"6RD959801E","8023","202112","0"
"6RD959801E","8023","202203","0"
"6RD959801E","8023","202204","0"
"6RD959801E","8023","202209","7.75"
"6RD959801E","8023","202307","0"
"6RD959801E","8023","202402","0"
"6RD959801E","8023","202408","0"
"6RD959801E","8025","201608","12.333333"
"6RD959801E","8025","201611","7.714209"
"6RD959801E","8025","201705","5.146452"
"6RD959801E","8025","201710","4.420376"
"6RD959801E","8025","201803","5.59"
"6RD959801E","8025","201907","4.211556"
"6RD959801E","8031","201604","0.571429"
"6RD959801E","8031","201702","2.314286"
"6RD959801E","8031","201705","6.403226"
"6RD959801E","8031","201905","10.5"
"6RD959801E","8031","201906","8.5"
"6RD959801E","8031","201907","18.5"
"6RD959801E","8031","202102","0"
"6RD959801E","8031","202105","0"
"6RD959801E","5002","201812","11"
"6RD959801E","5002","201903","16.096667"
"6RD959801E","5002","202001","7.13"
"6RD959801E","5002","202003","4.893333"
"6RD959801E","5002","202110","5.5"
"11D941078C","1000-2","202310","5.022222"
"11D941078C","1000-2","202312","5.022222"
"3CC945208A","1000-1","202301","2"
"3CC945208A","1000-1","202401","7.533333"
"3CC945208A","1000-1","202403","7.533333"
"3CC945208A","3001","202404","3.916667"
"3CC945208A","5001","202310","7.583333"
"3CC945208A","5001","202311","7.583333"
"3CC945208A","5001","202409","7.583333"
"3CC945208A","6000","202404","5.666667"
"3CC945208A","8011","202307","0.833333"
"3CC945208A","8011","202404","3.571429"
"3CC945208A","8012","202311","2.8"
"3CC945208A","8013","202310","1.333333"
"3CC945208A","8013","202312","1.333333"
"3CC945208A","8015","202409","2.777778"
"3CC945208A","8022","202408","3.090909"
"3CC945208A","8023","202309","7.266667"
"3CC945208A","8023","202310","10.309091"
"3CC945208A","5002","202310","0.047619"
"3CC945208A","5002","202312","0.047619"
"3CC945208A","5002","202405","0.047619"
"3CC945208A","5002","202408","0.047619"
"6RD959801E","1000-1","201804","0"
"6RD959801E","1000-1","201907",""
"6RD959801E","1000-1","202001",""
"6RD959801E","1000-1","202002",""
"6RD959801E","1000-1","202012",""
"6RD959801E","1000-1","202102",""
"6RD959801E","1000-1","202105",""
"6RD959801E","1000-1","202107",""
"6RD959801E","1000-1","202111","157.940575"
"6RD959801E","1000-1","202301","135.5"
"6RD959801E","1000-1","202304","235.25"
"6RD959801E","1000-1","202306","223.25"
"6RD959801E","1000-1","202402","111.03"
"6RD959801E","3001","201606","22"
"6RD959801E","3001","201611","55.449995"
"6RD959801E","3001","201702","82.554607"
"6RD959801E","3001","201809","16.25"
"6RD959801E","3001","201904","23.379369"
"6RD959801E","3001","202004","4.648754"
"6RD959801E","3001","202005","4.198042"
"6RD959801E","3001","202205","5.5"
"6RD959801E","3002","201902","1.146667"
"6RD959801E","3002","201910","0.573333"
"6RD959801E","5001","201609","17.746667"
"6RD959801E","5001","201704","115.403644"
"6RD959801E","5001","201911","53.215954"
"6RD959801E","5001","202001","35.159222"
"6RD959801E","5001","202010","51.718195"
"6RD959801E","5001","202103","46"
"6RD959801E","5001","202104","33.5"
"6RD959801E","6000","201606","5"
"6RD959801E","6000","201607","15"
"6RD959801E","6000","201711","11.021014"
"6RD959801E","6000","201811","22.75"
"6RD959801E","6000","201905","27.846667"
"6RD959801E","6000","201907","31.86"
"6RD959801E","6000","201908","30.716667"
"6RD959801E","6000","202105","8.128279"
"6RD959801E","6000","202109","7.033333"
"6RD959801E","6000","202203","0"
"6RD959801E","6000","202204","0"
"6RD959801E","6000","202408","0"
"6RD959801E","6000","202409","0"
"6RD959801E","8011","201607","16.333333"
"6RD959801E","8011","201706","36.020784"
"6RD959801E","8011","201806","60.5"
"6RD959801E","8011","201902","42.233333"
"6RD959801E","8011","201903","44.65"
"6RD959801E","8011","201909","21.25"
"6RD959801E","8011","201911","29.25"
"6RD959801E","8011","202008","34"
"6RD959801E","8011","202012","7.75"
"6RD959801E","8011","202101","16.5"
"6RD959801E","8011","202107","16.39"
"6RD959801E","8011","202208","4.973333"
"6RD959801E","8012","201606","7.333333"
"6RD959801E","8012","201805","40.512712"
"6RD959801E","8012","201807","38.726667"
"6RD959801E","8012","202005","2.774194"
"6RD959801E","8012","202007","5.145161"
"6RD959801E","8012","202009","12.193548"
"6RD959801E","8012","202102","5.861363"
"6RD959801E","8012","202108","2.25"
"6RD959801E","8012","202207","0.043333"
"6RD959801E","8012","202208","8.763333"
"6RD959801E","8013","201606","1"
"6RD959801E","8013","201705","24.356047"
"6RD959801E","8013","201707","30.33965"
"6RD959801E","8013","201709","15.387509"
"6RD959801E","8013","201906","12.363333"
"6RD959801E","8013","202001","0.834007"
"6RD959801E","8013","202107","1.5"
"6RD959801E","8013","202108","1.5"
"6RD959801E","8015","201606","5"
"6RD959801E","8015","201612","28.886039"
"6RD959801E","8015","201811","15.793237"
"6RD959801E","8015","201911","13.116998"
"6RD959801E","8015","202001","69.225226"
"6RD959801E","8015","202203","0"
"6RD959801E","8015","202208","5.953333"
"6RD959801E","8015","202212","0"
"6RD959801E","8015","202302","0"
"6RD959801E","8015","202307","0"
"6RD959801E","8015","202310","0"
"6RD959801E","8021","201611","24.201394"
"6RD959801E","8021","201803","13.582356"
"6RD959801E","8021","201906","20.317797"
"6RD959801E","8021","201908","17.915254"
"6RD959801E","8021","201909","18.686441"
"6RD959801E","8021","202109","13.058025"
"6RD959801E","8022","201607","11.333333"
"6RD959801E","8022","201609","8.928571"
"6RD959801E","8022","201909","20"
"6RD959801E","8022","202003","9.642994"
"6RD959801E","8022","202004","17.803499"
"6RD959801E","8022","202005","13.284624"
"6RD959801E","8022","202011","39.5"
"6RD959801E","8022","202104","16.75"
"6RD959801E","8022","202105","9.25"
"6RD959801E","8023","201609","6.29249"
"6RD959801E","8023","201702","18.481112"
"6RD959801E","8023","201708","11.288863"
"6RD959801E","8023","201804","11.5"
"6RD959801E","8023","201810","12.229013"
"6RD959801E","8023","201906","7.798373"
"6RD959801E","8023","202201","0"
"6RD959801E","8023","202304","0"
"6RD959801E","8023","202308","0"
"6RD959801E","8023","202401","0"
"6RD959801E","8023","202405","0"
"6RD959801E","8023","202406","0"
"6RD959801E","8023","202407","0"
"6RD959801E","8023","202409","0"
"6RD959801E","8025","201701","6.369303"
"6RD959801E","8025","201906","4.366428"
"6RD959801E","8031","201706","4"
"6RD959801E","8031","201709","6.032258"
"6RD959801E","8031","201710","4.451613"
"6RD959801E","8031","201712","4.161017"
"6RD959801E","8031","201803","8.432487"
"6RD959801E","8031","201911","7.75"
"6RD959801E","8031","202110","0"
"6RD959801E","5002","202107","3"
"11D941078C","1000-2","202302","1"
"11D941078C","1000-2","202402","5.022222"
"3CC945208A","1000-1","202303","8.833333"
"3CC945208A","1000-1","202306","15.333333"
"3CC945208A","1000-1","202308","7"
"3CC945208A","1000-1","202402","7.533333"
"3CC945208A","1000-1","202409","7.533333"
"3CC945208A","3001","202309","4.178571"
"3CC945208A","3001","202403","3.916667"
"3CC945208A","3001","202407","3.916667"
"3CC945208A","3001","202409","3.916667"
"3CC945208A","5001","202308","3.142857"
"3CC945208A","5001","202406","7.583333"
"3CC945208A","6000","202307","1"
"3CC945208A","6000","202312","5.666667"
"3CC945208A","6000","202402","5.666667"
"3CC945208A","8011","202310","3.571429"
"3CC945208A","8012","202405","2.8"
"3CC945208A","8013","202408","1.333333"
"3CC945208A","8015","202406","2.777778"
"3CC945208A","8022","202409","3.090909"
"3CC945208A","8023","202307","3.464286"
"3CC945208A","8023","202401","10.309091"
"3CC945208A","8023","202403","10.309091"
"3CC945208A","8023","202404","10.309091"
"3CC945208A","8023","202409","10.309091"
"3CC945208A","5002","202402","0.047619"
"6RD959801E","1000-1","201807","0"
"6RD959801E","1000-1","201902",""
"6RD959801E","1000-1","202109",""
"6RD959801E","1000-1","202112","209.475693"
"6RD959801E","1000-1","202209","3.348278"
"6RD959801E","1000-1","202303","182"
"6RD959801E","1000-1","202305","219.75"
"6RD959801E","1000-1","202310","111.03"
"6RD959801E","1000-1","202401","111.03"
"6RD959801E","1000-1","202403","111.03"
"6RD959801E","1000-1","202409","111.03"
"6RD959801E","3001","201607","30.666667"
"6RD959801E","3001","201609","14.375494"
"6RD959801E","3001","201802","56.951613"
"6RD959801E","3001","201807","34"
"6RD959801E","3001","201812","31.253333"
"6RD959801E","3001","201907","10.730243"
"6RD959801E","3001","202009","8.539316"
"6RD959801E","3001","202107","0.462177"
"6RD959801E","3001","202206","5.11"
"6RD959801E","3002","201807","1.833333"
"6RD959801E","3002","201811","0.5"
"6RD959801E","3002","201903","1.013333"
"6RD959801E","3002","201905","0.966667"
"6RD959801E","5001","201606","20"
"6RD959801E","5001","201706","118.126246"
"6RD959801E","5001","201803","107.25"
"6RD959801E","5001","201812","81.78"
"6RD959801E","5001","201901","79.66"
"6RD959801E","5001","201909","40.276027"
"6RD959801E","5001","202011","57.207396"
"6RD959801E","5001","202206","46.29"
"6RD959801E","6000","201806","32.25"
"6RD959801E","6000","201808","13.25"
"6RD959801E","6000","201901","24.483333"
"6RD959801E","6000","202307","0"
"6RD959801E","6000","202405","0"
"6RD959801E","8011","201609","10.213768"
"6RD959801E","8011","201611","43.685463"
"6RD959801E","8011","201612","53.642567"
"6RD959801E","8011","201701","56.050678"
"6RD959801E","8011","201703","81.878307"
"6RD959801E","8011","201711","11.694342"
"6RD959801E","8011","201905","41.793333"
"6RD959801E","8011","202001","27.5"
"6RD959801E","8012","201711","25.993986"
"6RD959801E","8012","201808","36.69"
"6RD959801E","8012","201902","25.976667"
"6RD959801E","8012","201910","20.590075"
"6RD959801E","8012","202004","0.791796"
"6RD959801E","8012","202110","5.194915"
"6RD959801E","8012","202209","6.25"
"6RD959801E","8013","201610","4.342857"
"6RD959801E","8013","201611","7"
"6RD959801E","8013","201702","27"
"6RD959801E","8013","201703","26"
"6RD959801E","8013","201802","27.640238"
"6RD959801E","8013","201806","21.224535"
"6RD959801E","8013","201902","2.655234"
"6RD959801E","8013","201908","9.786667"
"6RD959801E","8013","202004","1.517106"
"6RD959801E","8013","202105","1.103333"
"6RD959801E","8015","201607","17.666667"
"6RD959801E","8015","201610","9.3"
"6RD959801E","8015","201704","62.902546"
"6RD959801E","8015","201710","25.67994"
"6RD959801E","8015","201711","45.080982"
"6RD959801E","8015","201801","46.550146"
"6RD959801E","8015","201809","30.258684"
"6RD959801E","8015","201812","21.83871"
"6RD959801E","8015","201910","7.883501"
"6RD959801E","8015","202201","0"
"6RD959801E","8015","202204","0"
"6RD959801E","8015","202207","6.646667"
"6RD959801E","8021","201612","22.13504"
"6RD959801E","8021","201703","19.960358"
"6RD959801E","8021","201709","13.742"
"6RD959801E","8021","201811","14.5"
"6RD959801E","8021","201907","19.597458"
"6RD959801E","8021","202003","16.183333"
"6RD959801E","8022","201608","14.666667"
"6RD959801E","8022","201710","27.436421"
"6RD959801E","8022","201810","28.733333"
"6RD959801E","8022","202006","9.778416"
"6RD959801E","8022","202008","17.078665"
"6RD959801E","8022","202012","39"
"6RD959801E","8023","201608","12.333333"
"6RD959801E","8023","201704","21.844356"
"6RD959801E","8023","201802","9.516129"
"6RD959801E","8023","201805","9"
"6RD959801E","8023","201811","10.53747"
"6RD959801E","8023","201912","9.373042"
"6RD959801E","8023","202002","11.364126"
"6RD959801E","8023","202008","3.786036"
"6RD959801E","8023","202102","4.385422"
"6RD959801E","8023","202107","1.43605"
"6RD959801E","8023","202109","0"
"6RD959801E","8023","202205","15.532258"
"6RD959801E","8023","202303","0"
"6RD959801E","8023","202305","0"
"6RD959801E","8023","202306","0"
"6RD959801E","8023","202309","0"
"6RD959801E","8025","201610","5.003333"
"6RD959801E","8025","201703","6.228121"
"6RD959801E","8025","201711","4.922134"
"6RD959801E","8025","201712","5.75"
"6RD959801E","8025","201901","3.25"
"6RD959801E","8025","201902","4.75"
"6RD959801E","8031","201611","1.679739"
"6RD959801E","8031","201703","3.770563"
"6RD959801E","8031","201707","3.758065"
"6RD959801E","8031","201809","6.206667"
"6RD959801E","8031","201904","7.25"
"6RD959801E","8031","202003","0"
"6RD959801E","8031","202004","0"
"6RD959801E","8031","202005","0"
"6RD959801E","8031","202103","0"
"6RD959801E","5002","201809","29.913064"
"6RD959801E","5002","201901","11"
"6RD959801E","5002","201907","0"
"6RD959801E","5002","202101","2"
"6RD959801E","5002","202205","26.741525"
"6RD959801E","5002","202209","18.809322"
